,,,,,,,,,,,,,,,,,,,,,,,,,,,,,,,,,,,,,,,,,,,,,,,,,,,,,,,,,,,,,,,,,,,,,,,,,,,,,,,,,,,,,,,,,,,,,,,,,,,,,,,,,,,,,,,,,,,,,,,,,,,,,,,,,,,,,,,,,,,,,,,,,,,,,,,,,,,,,,,,,,,,,,,,,,,,,,,,,,,,,,,,,,,,,,,,,,,,,,,,,,,,,,,,,,,,,,,,,,,,,,,,,,,,,,,,,,,,,,,,,,,,,,,,,,,,,,,,,,,,,,,,,,,,,,,,,,,,,,,,,,,,,,,,,,,,,,,,,,,,,,,,,,,,,,,,,,,,,,,,,,,,,,,,,,,,,,,,,,,,,,,,,,,,,,,,,,,,,,,,,,,,,,,,,,,,,,,,,,,,,,,,,,,,,,,,,,,,,,,,,,,,,,,,,,,,,,,,,,,,,,,,,,,,,,,,,,,,,,,,,,,,,,,,,,,,,,,,,,,,,,,,,,,,,,,,,,,,,,,,,,,,,,,,,,,,,,,,,,,,,,,,,,,,,,
Theme: Industry,,,,,,,,,,,,,,,,,,,,,,,,,,,,,,,,,,,,,,,,,,,,,,,,,,,,,,,,,,,,,,,,,,,,,,,,,,,,,,,,,,,,,,,,,,,,,,,,,,,,,,,,,,,,,,,,,,,,,,,,,,,,,,,,,,,,,,,,,,,,,,,,,,,,,,,,,,,,,,,,,,,,,,,,,,,,,,,,,,,,,,,,,,,,,,,,,,,,,,,,,,,,,,,,,,,,,,,,,,,,,,,,,,,,,,,,,,,,,,,,,,,,,,,,,,,,,,,,,,,,,,,,,,,,,,,,,,,,,,,,,,,,,,,,,,,,,,,,,,,,,,,,,,,,,,,,,,,,,,,,,,,,,,,,,,,,,,,,,,,,,,,,,,,,,,,,,,,,,,,,,,,,,,,,,,,,,,,,,,,,,,,,,,,,,,,,,,,,,,,,,,,,,,,,,,,,,,,,,,,,,,,,,,,,,,,,,,,,,,,,,,,,,,,,,,,,,,,,,,,,,,,,,,,,,,,,,,,,,,,,,,,,,,,,,,,,,,,,,,,,,,,,,,,,,,
"Subject: Building, Real Estate, Construction and Housing",,,,,,,,,,,,,,,,,,,,,,,,,,,,,,,,,,,,,,,,,,,,,,,,,,,,,,,,,,,,,,,,,,,,,,,,,,,,,,,,,,,,,,,,,,,,,,,,,,,,,,,,,,,,,,,,,,,,,,,,,,,,,,,,,,,,,,,,,,,,,,,,,,,,,,,,,,,,,,,,,,,,,,,,,,,,,,,,,,,,,,,,,,,,,,,,,,,,,,,,,,,,,,,,,,,,,,,,,,,,,,,,,,,,,,,,,,,,,,,,,,,,,,,,,,,,,,,,,,,,,,,,,,,,,,,,,,,,,,,,,,,,,,,,,,,,,,,,,,,,,,,,,,,,,,,,,,,,,,,,,,,,,,,,,,,,,,,,,,,,,,,,,,,,,,,,,,,,,,,,,,,,,,,,,,,,,,,,,,,,,,,,,,,,,,,,,,,,,,,,,,,,,,,,,,,,,,,,,,,,,,,,,,,,,,,,,,,,,,,,,,,,,,,,,,,,,,,,,,,,,,,,,,,,,,,,,,,,,,,,,,,,,,,,,,,,,,,,,,,,,,,,,,,,,,
Topic: Building and Construction,,,,,,,,,,,,,,,,,,,,,,,,,,,,,,,,,,,,,,,,,,,,,,,,,,,,,,,,,,,,,,,,,,,,,,,,,,,,,,,,,,,,,,,,,,,,,,,,,,,,,,,,,,,,,,,,,,,,,,,,,,,,,,,,,,,,,,,,,,,,,,,,,,,,,,,,,,,,,,,,,,,,,,,,,,,,,,,,,,,,,,,,,,,,,,,,,,,,,,,,,,,,,,,,,,,,,,,,,,,,,,,,,,,,,,,,,,,,,,,,,,,,,,,,,,,,,,,,,,,,,,,,,,,,,,,,,,,,,,,,,,,,,,,,,,,,,,,,,,,,,,,,,,,,,,,,,,,,,,,,,,,,,,,,,,,,,,,,,,,,,,,,,,,,,,,,,,,,,,,,,,,,,,,,,,,,,,,,,,,,,,,,,,,,,,,,,,,,,,,,,,,,,,,,,,,,,,,,,,,,,,,,,,,,,,,,,,,,,,,,,,,,,,,,,,,,,,,,,,,,,,,,,,,,,,,,,,,,,,,,,,,,,,,,,,,,,,,,,,,,,,,,,,,,,,
"Table Title: Contracts Awarded By Sector And Development Type, Monthly",,,,,,,,,,,,,,,,,,,,,,,,,,,,,,,,,,,,,,,,,,,,,,,,,,,,,,,,,,,,,,,,,,,,,,,,,,,,,,,,,,,,,,,,,,,,,,,,,,,,,,,,,,,,,,,,,,,,,,,,,,,,,,,,,,,,,,,,,,,,,,,,,,,,,,,,,,,,,,,,,,,,,,,,,,,,,,,,,,,,,,,,,,,,,,,,,,,,,,,,,,,,,,,,,,,,,,,,,,,,,,,,,,,,,,,,,,,,,,,,,,,,,,,,,,,,,,,,,,,,,,,,,,,,,,,,,,,,,,,,,,,,,,,,,,,,,,,,,,,,,,,,,,,,,,,,,,,,,,,,,,,,,,,,,,,,,,,,,,,,,,,,,,,,,,,,,,,,,,,,,,,,,,,,,,,,,,,,,,,,,,,,,,,,,,,,,,,,,,,,,,,,,,,,,,,,,,,,,,,,,,,,,,,,,,,,,,,,,,,,,,,,,,,,,,,,,,,,,,,,,,,,,,,,,,,,,,,,,,,,,,,,,,,,,,,,,,,,,,,,,,,,,,,,,,
,,,,,,,,,,,,,,,,,,,,,,,,,,,,,,,,,,,,,,,,,,,,,,,,,,,,,,,,,,,,,,,,,,,,,,,,,,,,,,,,,,,,,,,,,,,,,,,,,,,,,,,,,,,,,,,,,,,,,,,,,,,,,,,,,,,,,,,,,,,,,,,,,,,,,,,,,,,,,,,,,,,,,,,,,,,,,,,,,,,,,,,,,,,,,,,,,,,,,,,,,,,,,,,,,,,,,,,,,,,,,,,,,,,,,,,,,,,,,,,,,,,,,,,,,,,,,,,,,,,,,,,,,,,,,,,,,,,,,,,,,,,,,,,,,,,,,,,,,,,,,,,,,,,,,,,,,,,,,,,,,,,,,,,,,,,,,,,,,,,,,,,,,,,,,,,,,,,,,,,,,,,,,,,,,,,,,,,,,,,,,,,,,,,,,,,,,,,,,,,,,,,,,,,,,,,,,,,,,,,,,,,,,,,,,,,,,,,,,,,,,,,,,,,,,,,,,,,,,,,,,,,,,,,,,,,,,,,,,,,,,,,,,,,,,,,,,,,,,,,,,,,,,,,,,,
Data last updated: 04/08/2023,,,,,,,,,,,,,,,,,,,,,,,,,,,,,,,,,,,,,,,,,,,,,,,,,,,,,,,,,,,,,,,,,,,,,,,,,,,,,,,,,,,,,,,,,,,,,,,,,,,,,,,,,,,,,,,,,,,,,,,,,,,,,,,,,,,,,,,,,,,,,,,,,,,,,,,,,,,,,,,,,,,,,,,,,,,,,,,,,,,,,,,,,,,,,,,,,,,,,,,,,,,,,,,,,,,,,,,,,,,,,,,,,,,,,,,,,,,,,,,,,,,,,,,,,,,,,,,,,,,,,,,,,,,,,,,,,,,,,,,,,,,,,,,,,,,,,,,,,,,,,,,,,,,,,,,,,,,,,,,,,,,,,,,,,,,,,,,,,,,,,,,,,,,,,,,,,,,,,,,,,,,,,,,,,,,,,,,,,,,,,,,,,,,,,,,,,,,,,,,,,,,,,,,,,,,,,,,,,,,,,,,,,,,,,,,,,,,,,,,,,,,,,,,,,,,,,,,,,,,,,,,,,,,,,,,,,,,,,,,,,,,,,,,,,,,,,,,,,,,,,,,,,,,,,,
Source: BUILDING AND CONSTRUCTION AUTHORITY,,,,,,,,,,,,,,,,,,,,,,,,,,,,,,,,,,,,,,,,,,,,,,,,,,,,,,,,,,,,,,,,,,,,,,,,,,,,,,,,,,,,,,,,,,,,,,,,,,,,,,,,,,,,,,,,,,,,,,,,,,,,,,,,,,,,,,,,,,,,,,,,,,,,,,,,,,,,,,,,,,,,,,,,,,,,,,,,,,,,,,,,,,,,,,,,,,,,,,,,,,,,,,,,,,,,,,,,,,,,,,,,,,,,,,,,,,,,,,,,,,,,,,,,,,,,,,,,,,,,,,,,,,,,,,,,,,,,,,,,,,,,,,,,,,,,,,,,,,,,,,,,,,,,,,,,,,,,,,,,,,,,,,,,,,,,,,,,,,,,,,,,,,,,,,,,,,,,,,,,,,,,,,,,,,,,,,,,,,,,,,,,,,,,,,,,,,,,,,,,,,,,,,,,,,,,,,,,,,,,,,,,,,,,,,,,,,,,,,,,,,,,,,,,,,,,,,,,,,,,,,,,,,,,,,,,,,,,,,,,,,,,,,,,,,,,,,,,,,,,,,,,,,,,,,
,,,,,,,,,,,,,,,,,,,,,,,,,,,,,,,,,,,,,,,,,,,,,,,,,,,,,,,,,,,,,,,,,,,,,,,,,,,,,,,,,,,,,,,,,,,,,,,,,,,,,,,,,,,,,,,,,,,,,,,,,,,,,,,,,,,,,,,,,,,,,,,,,,,,,,,,,,,,,,,,,,,,,,,,,,,,,,,,,,,,,,,,,,,,,,,,,,,,,,,,,,,,,,,,,,,,,,,,,,,,,,,,,,,,,,,,,,,,,,,,,,,,,,,,,,,,,,,,,,,,,,,,,,,,,,,,,,,,,,,,,,,,,,,,,,,,,,,,,,,,,,,,,,,,,,,,,,,,,,,,,,,,,,,,,,,,,,,,,,,,,,,,,,,,,,,,,,,,,,,,,,,,,,,,,,,,,,,,,,,,,,,,,,,,,,,,,,,,,,,,,,,,,,,,,,,,,,,,,,,,,,,,,,,,,,,,,,,,,,,,,,,,,,,,,,,,,,,,,,,,,,,,,,,,,,,,,,,,,,,,,,,,,,,,,,,,,,,,,,,,,,,,,,,,,,
,,,,,,,,,,,,,,,,,,,,,,,,,,,,,,,,,,,,,,,,,,,,,,,,,,,,,,,,,,,,,,,,,,,,,,,,,,,,,,,,,,,,,,,,,,,,,,,,,,,,,,,,,,,,,,,,,,,,,,,,,,,,,,,,,,,,,,,,,,,,,,,,,,,,,,,,,,,,,,,,,,,,,,,,,,,,,,,,,,,,,,,,,,,,,,,,,,,,,,,,,,,,,,,,,,,,,,,,,,,,,,,,,,,,,,,,,,,,,,,,,,,,,,,,,,,,,,,,,,,,,,,,,,,,,,,,,,,,,,,,,,,,,,,,,,,,,,,,,,,,,,,,,,,,,,,,,,,,,,,,,,,,,,,,,,,,,,,,,,,,,,,,,,,,,,,,,,,,,,,,,,,,,,,,,,,,,,,,,,,,,,,,,,,,,,,,,,,,,,,,,,,,,,,,,,,,,,,,,,,,,,,,,,,,,,,,,,,,,,,,,,,,,,,,,,,,,,,,,,,,,,,,,,,,,,,,,,,,,,,,,,,,,,,,,,,,,,,,,,,,,,,,,,,,,,Million Dollars
Data Series,2023 Jun ,2023 May ,2023 Apr ,2023 Mar ,2023 Feb ,2023 Jan ,2022 Dec ,2022 Nov ,2022 Oct ,2022 Sep ,2022 Aug ,2022 Jul ,2022 Jun ,2022 May ,2022 Apr ,2022 Mar ,2022 Feb ,2022 Jan ,2021 Dec ,2021 Nov ,2021 Oct ,2021 Sep ,2021 Aug ,2021 Jul ,2021 Jun ,2021 May ,2021 Apr ,2021 Mar ,2021 Feb ,2021 Jan ,2020 Dec ,2020 Nov ,2020 Oct ,2020 Sep ,2020 Aug ,2020 Jul ,2020 Jun ,2020 May ,2020 Apr ,2020 Mar ,2020 Feb ,2020 Jan ,2019 Dec ,2019 Nov ,2019 Oct ,2019 Sep ,2019 Aug ,2019 Jul ,2019 Jun ,2019 May ,2019 Apr ,2019 Mar ,2019 Feb ,2019 Jan ,2018 Dec ,2018 Nov ,2018 Oct ,2018 Sep ,2018 Aug ,2018 Jul ,2018 Jun ,2018 May ,2018 Apr ,2018 Mar ,2018 Feb ,2018 Jan ,2017 Dec ,2017 Nov ,2017 Oct ,2017 Sep ,2017 Aug ,2017 Jul ,2017 Jun ,2017 May ,2017 Apr ,2017 Mar ,2017 Feb ,2017 Jan ,2016 Dec ,2016 Nov ,2016 Oct ,2016 Sep ,2016 Aug ,2016 Jul ,2016 Jun ,2016 May ,2016 Apr ,2016 Mar ,2016 Feb ,2016 Jan ,2015 Dec ,2015 Nov ,2015 Oct ,2015 Sep ,2015 Aug ,2015 Jul ,2015 Jun ,2015 May ,2015 Apr ,2015 Mar ,2015 Feb ,2015 Jan ,2014 Dec ,2014 Nov ,2014 Oct ,2014 Sep ,2014 Aug ,2014 Jul ,2014 Jun ,2014 May ,2014 Apr ,2014 Mar ,2014 Feb ,2014 Jan ,2013 Dec ,2013 Nov ,2013 Oct ,2013 Sep ,2013 Aug ,2013 Jul ,2013 Jun ,2013 May ,2013 Apr ,2013 Mar ,2013 Feb ,2013 Jan ,2012 Dec ,2012 Nov ,2012 Oct ,2012 Sep ,2012 Aug ,2012 Jul ,2012 Jun ,2012 May ,2012 Apr ,2012 Mar ,2012 Feb ,2012 Jan ,2011 Dec ,2011 Nov ,2011 Oct ,2011 Sep ,2011 Aug ,2011 Jul ,2011 Jun ,2011 May ,2011 Apr ,2011 Mar ,2011 Feb ,2011 Jan ,2010 Dec ,2010 Nov ,2010 Oct ,2010 Sep ,2010 Aug ,2010 Jul ,2010 Jun ,2010 May ,2010 Apr ,2010 Mar ,2010 Feb ,2010 Jan ,2009 Dec ,2009 Nov ,2009 Oct ,2009 Sep ,2009 Aug ,2009 Jul ,2009 Jun ,2009 May ,2009 Apr ,2009 Mar ,2009 Feb ,2009 Jan ,2008 Dec ,2008 Nov ,2008 Oct ,2008 Sep ,2008 Aug ,2008 Jul ,2008 Jun ,2008 May ,2008 Apr ,2008 Mar ,2008 Feb ,2008 Jan ,2007 Dec ,2007 Nov ,2007 Oct ,2007 Sep ,2007 Aug ,2007 Jul ,2007 Jun ,2007 May ,2007 Apr ,2007 Mar ,2007 Feb ,2007 Jan ,2006 Dec ,2006 Nov ,2006 Oct ,2006 Sep ,2006 Aug ,2006 Jul ,2006 Jun ,2006 May ,2006 Apr ,2006 Mar ,2006 Feb ,2006 Jan ,2005 Dec ,2005 Nov ,2005 Oct ,2005 Sep ,2005 Aug ,2005 Jul ,2005 Jun ,2005 May ,2005 Apr ,2005 Mar ,2005 Feb ,2005 Jan ,2004 Dec ,2004 Nov ,2004 Oct ,2004 Sep ,2004 Aug ,2004 Jul ,2004 Jun ,2004 May ,2004 Apr ,2004 Mar ,2004 Feb ,2004 Jan ,2003 Dec ,2003 Nov ,2003 Oct ,2003 Sep ,2003 Aug ,2003 Jul ,2003 Jun ,2003 May ,2003 Apr ,2003 Mar ,2003 Feb ,2003 Jan ,2002 Dec ,2002 Nov ,2002 Oct ,2002 Sep ,2002 Aug ,2002 Jul ,2002 Jun ,2002 May ,2002 Apr ,2002 Mar ,2002 Feb ,2002 Jan ,2001 Dec ,2001 Nov ,2001 Oct ,2001 Sep ,2001 Aug ,2001 Jul ,2001 Jun ,2001 May ,2001 Apr ,2001 Mar ,2001 Feb ,2001 Jan ,2000 Dec ,2000 Nov ,2000 Oct ,2000 Sep ,2000 Aug ,2000 Jul ,2000 Jun ,2000 May ,2000 Apr ,2000 Mar ,2000 Feb ,2000 Jan ,1999 Dec ,1999 Nov ,1999 Oct ,1999 Sep ,1999 Aug ,1999 Jul ,1999 Jun ,1999 May ,1999 Apr ,1999 Mar ,1999 Feb ,1999 Jan ,1998 Dec ,1998 Nov ,1998 Oct ,1998 Sep ,1998 Aug ,1998 Jul ,1998 Jun ,1998 May ,1998 Apr ,1998 Mar ,1998 Feb ,1998 Jan ,1997 Dec ,1997 Nov ,1997 Oct ,1997 Sep ,1997 Aug ,1997 Jul ,1997 Jun ,1997 May ,1997 Apr ,1997 Mar ,1997 Feb ,1997 Jan ,1996 Dec ,1996 Nov ,1996 Oct ,1996 Sep ,1996 Aug ,1996 Jul ,1996 Jun ,1996 May ,1996 Apr ,1996 Mar ,1996 Feb ,1996 Jan ,1995 Dec ,1995 Nov ,1995 Oct ,1995 Sep ,1995 Aug ,1995 Jul ,1995 Jun ,1995 May ,1995 Apr ,1995 Mar ,1995 Feb ,1995 Jan ,1994 Dec ,1994 Nov ,1994 Oct ,1994 Sep ,1994 Aug ,1994 Jul ,1994 Jun ,1994 May ,1994 Apr ,1994 Mar ,1994 Feb ,1994 Jan ,1993 Dec ,1993 Nov ,1993 Oct ,1993 Sep ,1993 Aug ,1993 Jul ,1993 Jun ,1993 May ,1993 Apr ,1993 Mar ,1993 Feb ,1993 Jan ,1992 Dec ,1992 Nov ,1992 Oct ,1992 Sep ,1992 Aug ,1992 Jul ,1992 Jun ,1992 May ,1992 Apr ,1992 Mar ,1992 Feb ,1992 Jan ,1991 Dec ,1991 Nov ,1991 Oct ,1991 Sep ,1991 Aug ,1991 Jul ,1991 Jun ,1991 May ,1991 Apr ,1991 Mar ,1991 Feb ,1991 Jan ,1990 Dec ,1990 Nov ,1990 Oct ,1990 Sep ,1990 Aug ,1990 Jul ,1990 Jun ,1990 May ,1990 Apr ,1990 Mar ,1990 Feb ,1990 Jan ,1989 Dec ,1989 Nov ,1989 Oct ,1989 Sep ,1989 Aug ,1989 Jul ,1989 Jun ,1989 May ,1989 Apr ,1989 Mar ,1989 Feb ,1989 Jan ,1988 Dec ,1988 Nov ,1988 Oct ,1988 Sep ,1988 Aug ,1988 Jul ,1988 Jun ,1988 May ,1988 Apr ,1988 Mar ,1988 Feb ,1988 Jan ,1987 Dec ,1987 Nov ,1987 Oct ,1987 Sep ,1987 Aug ,1987 Jul ,1987 Jun ,1987 May ,1987 Apr ,1987 Mar ,1987 Feb ,1987 Jan ,1986 Dec ,1986 Nov ,1986 Oct ,1986 Sep ,1986 Aug ,1986 Jul ,1986 Jun ,1986 May ,1986 Apr ,1986 Mar ,1986 Feb ,1986 Jan ,1985 Dec ,1985 Nov ,1985 Oct ,1985 Sep ,1985 Aug ,1985 Jul ,1985 Jun ,1985 May ,1985 Apr ,1985 Mar ,1985 Feb ,1985 Jan ,1984 Dec ,1984 Nov ,1984 Oct ,1984 Sep ,1984 Aug ,1984 Jul ,1984 Jun ,1984 May ,1984 Apr ,1984 Mar ,1984 Feb ,1984 Jan ,1983 Dec ,1983 Nov ,1983 Oct ,1983 Sep ,1983 Aug ,1983 Jul ,1983 Jun ,1983 May ,1983 Apr ,1983 Mar ,1983 Feb ,1983 Jan ,1982 Dec ,1982 Nov ,1982 Oct ,1982 Sep ,1982 Aug ,1982 Jul ,1982 Jun ,1982 May ,1982 Apr ,1982 Mar ,1982 Feb ,1982 Jan ,1981 Dec ,1981 Nov ,1981 Oct ,1981 Sep ,1981 Aug ,1981 Jul ,1981 Jun ,1981 May ,1981 Apr ,1981 Mar ,1981 Feb ,1981 Jan 
Total Public & Private Sector,1494.1,2222.5,1692.5,3057.3,3425.5,2618.8,2863,2821.4,1534.3,2107.7,1895.5,3247.4,2611.7,2200.3,1309.9,3153.3,3148.1,2893.7,1715.2,2543.8,2419.6,2744,2573.2,2853.5,2174.2,2897.4,4033.5,2528.7,1041,2410.4,1655,1916.8,1601,1511.3,594.7,1445.9,1896.4,1429.8,2460.4,2301.3,2038,2194.3,2706.9,2577.2,2722.3,2838.8,2328.3,4448.1,3111.6,2459.1,1705.7,3448.6,2511.2,2666.1,5627.1,1443,2275.9,1677.2,2202,2670.6,2116.6,2359.4,1776,2312.9,3325.6,2748.9,2394.9,3958.4,1533.1,4084.3,1119.2,2054.8,1867.7,1352.5,1662.2,1686.2,1292.6,1792.4,2191.8,1308.8,1553.3,1916.3,2241.1,1212.1,2365.7,1416.8,2485.1,5471.9,1234.7,3006.2,1445.9,2398.5,2615.6,1448.4,1135.9,1532.6,3345.4,2290.4,2416.9,2462.4,3282,2660.1,2228.5,2163.4,4678.8,1945.7,4667.5,3625.3,2419.2,3517.3,4341.7,1580.6,3543.4,4045.6,2210.8,3175.7,4168,2793.1,2594,3717.2,5146.2,1566.9,2102.9,4089.1,1634,2605.9,2591,3054.1,3289.8,3192.9,2122.6,1610.6,1773,4066.4,2261.6,2743,2305.1,1751.3,2636.1,4219.5,2588.6,3057.4,3135.3,2569.5,3111.4,3389.7,2692.5,2632.9,2345.4,3109.7,2760.9,2283.1,2244,1795.2,3868.7,1395.8,3045.3,2653.2,1598.4,2485.6,1563,1871.5,2170.2,1726.4,1573.2,2459,2719.1,1572.9,2485.5,1058.8,2082.6,1823.1,1449.8,1397.8,1371.7,3102.7,4091,3470.6,2523.7,2506.1,3211.1,2288.3,3450.3,3052.9,2762,3853.7,2746.3,2358,3358.1,1268,2504.9,1356.9,1593.5,2379.2,2967.8,1300.7,830.8,1795.8,1363.9,1177.8,1174,3626.2,1510.5,1553.7,1375.3,997.5,1031.4,991.8,719.4,1275.3,824.4,919,970.6,1068.1,403.4,1075,575.3,431.4,850.2,1909.3,1465.1,964.5,912.7,1513.9,782.8,548.8,1045,516.7,1057.5,584.1,743.9,1176.1,709.6,696.5,520.8,929.3,1178.9,957.1,554.7,860,1205.8,816.1,579.3,1376.5,459.4,580.4,755.1,2025.7,695.4,949.4,1362.5,702.7,2316,1131.4,1063.7,1643.8,852.7,988.3,1538.6,586.4,1724,662.2,1413.6,894.5,1016.8,1671.1,1204.9,1603.3,902.3,1083.9,1584.1,819,2486.1,769.1,1111.1,881.3,6452,791.2,1156.6,1000.3,1705.4,1406.6,1565.8,715.5,1392.7,786.1,755.5,943.9,1324.7,1001.9,1322.3,1312.2,729.6,1245.9,2429.3,608.4,900.5,813.4,1082.9,1527.3,1116.1,2028.2,1759.8,2175.9,1537.5,657.5,2014.7,1695.4,3159.3,2022.4,1712.4,2395.5,2178,1289.1,2202,1615.9,1827.8,2287.1,1843.7,1389.3,1445.8,1886.2,1474.3,1659.1,2983.8,1458.3,2359.1,1115,1560.3,1115.7,1782.6,2158.3,1198.2,1144.4,1278.5,1308,1082.9,1555.2,1618.2,1703.2,1108.8,1349.1,952,1222,939.3,1101,1597,812.2,918.5,505,1372.5,740.8,1015.8,1043.5,916.3,820.1,965.4,652.4,892.7,835.6,807.2,777.5,1051.5,769,1523.4,567.2,1265.9,1201.5,1001.6,552.9,626.3,1180.8,896.8,760.8,1902,930.9,791.4,1721.3,467.7,626.5,745.5,1021,762.9,779.4,568.5,536,609.3,620.9,488.4,647.4,603.4,785.5,667.9,335.1,1062,753,628.9,584.1,743.5,399.2,1133.3,338.5,531.5,397.7,635.3,565.5,424.9,337.8,429.4,481.7,453.8,696.1,286.2,260.7,302.9,257.3,228.9,272.2,210.1,265.7,208,284.6,418.8,325.6,313.7,302.9,346.5,634.6,297,342.3,281.7,361.1,243.5,282.1,283.6,295.3,368.3,304.4,207.6,175.8,328.2,261.3,243.6,324.8,313.5,277.1,368.5,408.4,258.2,730.8,684,451.1,621.2,263.6,246.5,186.5,222.8,358.3,563.1,312.6,313.7,613,240.5,412,576.5,516.5,361.7,619.1,259.1,622.7,870.5,606.7,1067.1,810.5,888.9,654.4,642.1,787,860.5,1036.4,592.4,412,1201.2,827.4,425.2,1282.4,1637.1,759.1,700,711,508.4,530.1,781,602.6,589.6,1030.1,810.2,563.4,805.1,457.6,607.4,750.7,969.9,667.5,431.9,410.1,386.3,322.5,337.8,492.1
  Residential,382.2,1143.3,432.5,1596.7,1407.8,1039.2,483.2,1753.4,525.5,203,441.4,1004.4,298.2,1062.7,423.1,468.8,1134,1391.6,212.1,660.2,922.6,1072,1077.7,1020.1,465.5,565.5,1045.5,335.6,614.3,1234.5,900.1,180.1,931.8,373.4,57.6,249.6,482.2,230.8,345.5,869.9,508.2,309.6,1113.8,627.6,731.8,615.3,163.2,1165.3,729.8,651,941.2,689.4,366.4,775.5,1078.6,736.6,896.6,372.7,982.5,1026.2,694,567.6,925.4,203.4,190.1,1345.7,552.6,797.2,507.5,157.5,531.7,824.7,305.4,517,512.5,153.2,388.1,1002.6,762.5,469.8,513.7,265.2,533.3,473.8,445.2,265.8,935.3,1390,84.9,339.5,544,709.1,527.3,268,194.5,595,668.2,939.1,514.4,939.3,1108.9,762.5,837.4,773.8,708.5,451.8,1715.7,1085.4,1040.3,878.7,1154.6,529.5,1085.7,1029,1046.4,1076.6,1178.3,1156.2,1294.5,1361.7,2664.9,500.9,918.5,2210.8,1140.3,1414.2,1440.1,1534.6,646.2,627.9,1218.2,590.8,344.3,1481.6,923.5,1060.5,1052.3,926.1,961.9,2184.8,1401.3,1736.2,1213.4,1115.6,1309.2,1370.4,826.4,1479.6,626.7,1072.7,1380.3,660.9,857.1,1101.1,1347.4,498.3,1404,879.7,547.2,1315.4,385.5,1110.3,909,698.7,750.8,704.5,853.5,486.7,551,397,634.8,250.7,310.8,186.4,249.7,687.7,309.5,1613.8,508.9,1414.3,1155.4,1002.4,764,1221.7,825.8,1320.3,680.6,304.5,1482.2,399.3,493.5,696.5,806.2,575.8,979.1,349.4,200.5,393.5,773.4,555.3,468.6,254.3,572.8,298.5,620.3,370.6,531.5,315.8,297.6,239.7,290.1,365.6,230.3,321.6,119.2,300.1,170.1,94.9,418.2,854.3,342.9,216.8,427.7,590.1,82,145.5,221.8,233.7,239.4,344.4,393.5,622,370.9,192.6,226.4,208.8,485.4,395.5,143.7,264,197,247.5,245.3,266.4,76.6,237.3,183.4,147.7,320.5,372.7,255.6,202.4,188.5,387.6,449.2,333,380.3,391.1,431.2,128.5,291.7,135.6,715.8,194.3,149.7,468.8,323.5,267.2,269.1,555.6,698.9,446.2,313,300.5,526.4,298.2,315.2,238.9,434.2,299.4,346.5,532.3,292.6,293.4,488.6,336.6,252.1,369.2,535.9,452.6,634.8,465.8,185,632.3,307.9,326,172.2,277.2,423.6,359.8,375.2,658.9,613.1,566.9,853.8,384.4,1162.7,820.6,1211.6,1010.7,786.5,917.8,497.9,637.6,864.5,1178.7,893.5,1327.2,727.5,662.8,739.7,1209.4,423.4,507.6,772.6,351.1,792.1,427.8,442.4,441,1289.2,803.2,385.4,563.9,814.4,409.4,742.4,800.4,636.2,737.1,488.4,304.1,454.5,772.9,300.7,509.6,929.3,438.5,602.8,223,670.5,234.9,505.6,481.8,392.8,455.7,373.3,423.2,300.8,437.4,494.4,254.6,345,342.2,450.1,368.7,615.8,371.8,492.8,352.8,273.6,370.8,579.6,450.4,376.4,454.1,265.5,568.1,223,185.1,281.4,350.7,281.3,135.2,230.6,254.6,256.2,124.6,154.9,207.5,342,377,114,121.4,208.5,301.1,111.3,247.4,265.2,219.1,195.6,192.9,117.3,194.1,185.2,147.7,138.1,131,184.7,124.4,143.8,175.4,112.5,82.9,146.9,92.5,112.2,110.9,67.2,88.5,104,113.5,151.2,238.3,174.5,186.3,146.3,142.4,104.1,169.4,125,175.8,115.5,123.5,84.6,143,186.9,122.2,121,95.6,142.2,132.2,158.2,171.7,78.7,135.8,122.2,101.1,98.9,134.9,na,na,na,na,na,na,na,na,na,na,na,na,na,na,na,na,na,na,na,na,na,na,na,na,na,na,na,na,na,na,na,na,na,na,na,na,na,na,na,na,na,na,na,na,na,na,na,na,na,na,na,na,na,na,na,na,na,na,na,na
  Commercial,124.4,20.4,322.9,207,799.7,293.2,258.6,58.4,40,106,182.4,80.8,433.9,14.7,44.5,328.6,86.9,10.4,40,70.3,83.9,392.3,306.7,386.1,601,455.4,64,317.5,15.1,27.3,52.6,34,141.9,133.1,46.6,17,382.3,276.6,35.3,237.7,152.1,114.6,48.7,30.1,130.9,149.3,198.7,136.3,329.1,134.6,51.2,98.4,484.3,53.3,86.1,191.3,70.4,182.8,29.3,169.7,40.1,92,126.8,40.2,218,211,61.5,44.4,164.4,28,39.7,619.2,93.4,131.2,36.4,408.8,164,68.2,432.2,125,71,1162.2,53.5,107.5,153.8,266.4,102,46.1,205.6,236.8,168.4,146.9,103.4,108.6,208,225.4,136.1,66.3,169.4,126.5,630.1,94.4,196.8,108.5,1716.2,277.3,299.4,220.1,117.7,280.1,210.1,57,285.4,54.3,76.2,32.4,187,80.9,62.5,482.8,1595.5,193.6,166.3,761.2,40.8,48.3,143,191.8,459.9,138.8,366.2,154.9,462.5,597.1,186.4,70.8,83.5,134.6,763.6,128.1,460.7,37.6,792.7,84,258.7,115.2,78.1,508.6,368,614.3,304.4,344.6,121.2,92.6,199.5,230.7,1112.9,264.9,88.2,321.6,99.2,56.9,97.1,182.2,366.8,113.9,230.6,73.4,58.5,135.6,118.9,180.9,53.1,38.7,598.7,203.8,187.5,1022.9,805.5,182.8,949.2,453.1,1780.9,730.7,794.6,745.8,1285.6,414.8,61.1,196.6,416.2,321.2,361.9,617.8,825.8,394.1,207.5,127.6,158.7,154,325.4,278.5,355.8,549.8,42.9,106.5,31,11.4,73.1,285.5,93.1,106.5,74,199.2,69.6,32.7,26.1,62.3,62.5,65.6,189.8,27.6,89,323.8,28.2,78.2,41.6,64.2,46,18.8,115.7,39.8,19,263.7,10.2,121.5,15.8,35.5,24,41.6,76.5,94.8,54.1,21.9,24.6,15.6,79.7,68.4,66.3,8,32.8,33.6,422.4,28.8,36.8,170.5,61,241.6,64.9,8.6,56.2,25.4,41.2,41.8,92,17.4,25.2,17.7,89.1,15.1,186.4,37.4,27.8,42.8,28.3,94.3,52.1,61.8,48.6,82.7,114.5,49.9,54.9,101.2,195.3,44.5,16.5,51.3,42.8,10.8,123.3,122.7,115.2,3.7,143.9,101.6,10,120.2,47.2,82,254.8,641.8,253,690.2,126.2,11.8,71.7,159,377.3,243.2,134.7,261.2,33.2,124.3,160,47.3,422.6,187.6,119.3,51,226.9,251.3,194.1,195.8,205.3,383.4,312.1,77.6,153.8,149.7,177.9,26.5,161.8,68,107.8,104.1,15.7,125.7,152.6,110.5,44.2,365.4,148.5,199.4,52.4,387.7,53.9,88.2,31.2,65.1,245.1,65.5,116.5,183.9,123.9,114.9,296.9,10.6,18.5,140.3,69.4,186.7,37.7,207,38.4,19.9,278.6,579.4,177.7,28.7,81.5,543.9,61.6,109.1,1198.2,112.8,62.5,242.1,30.3,108.6,63.3,85.4,141.5,237.7,133.4,118,202.6,252.8,150.2,250.4,49.2,221.1,167.2,40.6,380.3,253.7,261.4,95.1,127.9,28,394.7,31,83.6,71.1,20.2,199.2,110.4,63.9,44.2,82.3,124.9,161,70.2,78.1,28.8,48.9,32.9,12.5,9.4,12.7,12.1,15.6,15.1,23.3,35.5,9.4,5.3,14.2,6.5,8.6,18.1,6.1,7.5,7.5,14.3,35.4,17,4.7,5.1,6.7,15.1,16.6,7.8,3.9,0.3,3,8.3,14.4,10.2,13.5,na,na,na,na,na,na,na,na,na,na,na,na,na,na,na,na,na,na,na,na,na,na,na,na,na,na,na,na,na,na,na,na,na,na,na,na,na,na,na,na,na,na,na,na,na,na,na,na,na,na,na,na,na,na,na,na,na,na,na,na
  Industrial,621.2,394.7,555.6,137.6,80.6,93,331.6,98.9,268,202.1,469.8,1002.3,192.7,123.8,204.8,1152.1,152.7,239.3,435.5,470.7,1168.2,322.6,120.3,437.5,682.1,269.2,226.6,477.3,143.1,234.8,557,377.5,186,629.1,117.7,85.1,636.8,149.3,868.6,567.2,172.1,358.3,44.5,131,206.1,355.3,1609.8,817.3,441.8,998.1,175.6,1014.7,1171.8,540,330.8,146.3,294.9,708.2,343.1,194.7,805.7,102.5,189.1,237.9,1305.2,149.4,574.9,149.1,100.1,145.8,150.6,234.9,822.3,361.1,262.1,466.4,530.4,379.5,407.7,363.7,350.5,92.7,267.6,323.3,320.9,285.9,701.8,266.9,99.4,195.6,242.6,353.4,384.9,569,288.7,274.1,1024.1,646.1,309.4,367.5,280.7,1038.1,550.6,885,318.2,536.6,597.8,217.6,718.6,416.6,524,572.3,412.8,877.7,474.5,223.5,678.2,549.1,485.3,629.9,561.8,435.5,447.2,330.7,170.8,503.8,232.3,775.3,1034.9,350.1,78.2,604.7,499.2,973.5,476.5,634.9,426.1,332.8,545.3,857.8,369.2,524,329.6,356.8,265.6,1029.4,509.9,336.2,467.3,629.8,268.7,596,629.6,92.4,419.9,213.6,111,681.2,192.9,395.4,841.4,347.8,255.3,662,130.3,149.2,109.5,88,160.4,45.1,147,103,145.2,45.5,77.5,22.8,303.6,60.5,323.8,556.1,621.1,246.6,402.2,342.4,373,411.6,465.5,694.7,1671.3,153.3,928.9,88.3,120.7,663.8,777.1,261.6,107.8,1034.6,208.2,152.3,86.7,2878.4,214.6,356.9,326.7,292.1,277.3,281.9,86.9,348.7,114.5,191.2,338.4,214.8,41.5,416.3,104.3,68,103.2,512.7,522.3,491.9,23.7,225.5,123.9,186.9,110.7,19.6,24.1,63.6,39.8,129.3,56.2,43.4,139.1,80.9,247.4,129.5,49.4,27.4,277.4,283.1,89.9,578,108.7,35.6,76.6,429.3,17.1,390.8,177.5,49.3,239,114,72.7,739.9,82.3,53.3,200.5,148,668.6,137.5,42.3,242.3,278,261,244.8,668.2,141.7,296.7,142.4,70.6,87.4,129.2,79.1,215.6,668.9,145.9,471.8,217,735.2,315.4,587.4,146.4,290.9,92.9,99,100.6,210.4,77.8,428.6,479.2,48.4,88.5,497.5,44.6,265.5,132.5,68.3,175.7,76,308.8,471.4,503.8,320.9,114.9,318.1,482.6,873.3,252.1,403,140.5,316.2,180.2,436.2,247.7,154.9,163.1,263.1,262.6,351.4,192.2,498.3,336.2,400.2,200.8,571,506.2,112,400.4,128.5,553.3,86.3,253.9,115.5,247.7,230.4,231.7,342.1,249.1,138.8,122.7,279,163,394.6,112.1,328.5,149.1,112.6,61.4,65.9,118.2,97.5,55.7,106.3,81.7,195.7,144.5,122.6,52.5,74,144.7,132.6,101.8,200.9,76.6,203.3,77.4,111.9,60.4,115.2,137,151.5,153.6,150.7,217,68.2,95.6,92.3,112.3,179.9,105.4,105.3,107.8,101.8,54,84.1,82.3,97.2,98.4,105.2,72.8,99.5,40.4,127.4,119,72.5,125.6,65.5,42,111.1,23.3,67.5,50.8,57.1,44.2,80.9,88.2,40.3,180,52.9,31.6,48.4,9.2,46.9,12.3,32.1,78.6,38.6,26.8,22.8,44,34.8,15.4,22.5,36.2,71.8,45.5,31.6,47.5,88.8,35.3,58.8,31.6,88.2,13.9,7.4,20.6,9.2,12.3,7.8,16.1,5.2,21.4,5.6,3.3,14.7,1.6,7.5,30.8,na,na,na,na,na,na,na,na,na,na,na,na,na,na,na,na,na,na,na,na,na,na,na,na,na,na,na,na,na,na,na,na,na,na,na,na,na,na,na,na,na,na,na,na,na,na,na,na,na,na,na,na,na,na,na,na,na,na,na,na
  Institutional & Others,210.7,621,190.3,409.8,687.6,121.3,222.5,757.5,291.2,103.8,203.9,361.6,1257.4,212.6,205.1,285.6,239,154.5,35.1,161.5,93.6,156.6,659.4,56.3,163.6,128.4,789.7,367.8,101.4,638.1,75.5,291.4,87.4,46.1,318.5,148.9,227.5,564.7,803.8,136.2,135.3,948.4,205.1,661.8,1099.2,544.2,136.4,2118.3,574.3,176.4,187.7,507.1,188.2,187.5,234.6,159.8,856.2,287.4,735.9,353.1,270.1,274.8,304.5,1369.5,237.7,703.4,179.6,670.1,73.1,151.2,333.1,156.1,136.5,192.2,686.2,284,127.5,176.5,187.2,264.9,180.1,287.3,139.6,119.1,329.6,481.9,433.1,122.4,738.1,1029.2,313.7,277.8,281.3,296.7,252.3,174.4,719.3,407.2,782.4,642.3,1073.3,607.4,466.5,184,476,165.8,1644.4,257.5,215.2,485,936.9,143.7,583.8,1554.7,350.7,327.9,775.7,477.4,186.5,87.1,258,139.5,136.7,421,121.1,400.2,600.1,360.3,722,276,208.2,135.5,317.9,804.8,378.3,616.9,134.1,143.2,250.4,121.9,134.6,245.3,29.6,242.5,428.9,208.1,380.9,216.7,131.9,627.3,605.1,395.8,519.7,242.4,1761.6,131.6,121.6,579,339.4,170.6,93.7,67.2,386.8,112.3,141.8,158.3,407.9,159.2,97.7,227.4,173.8,244.5,806.4,158.9,250.7,280.8,81.1,395.6,441.1,266.3,383.4,175.4,100.4,406.4,87.3,927.1,243.9,153.1,55.9,160.6,53.1,146.9,170.8,307.3,327,72.5,62.4,141.6,122.1,175.7,88.3,105.6,70.7,153.1,192.4,104.7,105.7,169.3,146.6,262.2,227.7,179.6,276.5,100.5,55.3,38.8,154.6,92.7,229.6,197.6,245.8,111.8,147.2,75.2,82.6,55.1,137.9,99.9,311,87.7,104.3,119.7,192,52.9,92.9,473.2,367.6,345.3,101.2,235.8,468.4,168.5,84.8,406.1,176,195.5,350.2,1245,257.4,120.9,156.4,183,278.1,243.8,167.4,300.1,289.2,187.4,313.9,128,422.3,278.9,170.7,245.9,309.4,360.6,212.1,211,334.5,173,209.1,190,170.4,215.1,333.2,142.4,225.4,193.9,167.6,189.8,326.3,177.7,192.5,120.1,264.8,201.7,311,277.8,267.5,157.3,49.5,156.9,189,119.1,95.8,40.5,192.8,74.5,448.1,156.3,193.4,218,297.4,176.9,143,108.1,388,180.2,341.5,126.5,71.3,122.5,321.8,77.7,142.4,79.8,232.1,280,107.1,331.9,76.7,165.7,258.1,402.7,283.6,372.4,159,54.1,65.9,68,73.4,725.1,86,170.8,167,96.8,38.6,99.8,403.1,26.2,58.4,56,27.7,44.2,134.7,35.3,143.1,89.8,38.2,53.9,335.8,201.5,252.8,171.1,151.2,127.7,62.9,37.9,34.5,91.3,101.8,167.8,341.7,55,119,53.3,119,59.2,112.6,52.8,46.2,92,40.3,17.3,85,87.8,77.5,58.3,38.7,99.5,84.8,62.5,113.1,212.8,80.4,31.7,38.8,95.4,17.8,42.1,26.1,88.6,255.2,72.5,267.2,10.2,43.5,77.8,101.4,64.5,59,23.6,19.1,33.1,80.2,147.1,52.4,19.2,120.7,28.5,57.5,33.7,41.1,66.8,48,31.8,38.3,49.7,55.3,72.8,29.3,43,36.7,12.1,17.4,23.1,79.5,97.3,35.2,53.4,17.3,69.8,16.8,55.1,43.3,22.3,10,78.4,46.1,27.6,58.5,27.7,40.7,45.4,57.2,50.5,69,71.1,27.9,18.7,na,na,na,na,na,na,na,na,na,na,na,na,na,na,na,na,na,na,na,na,na,na,na,na,na,na,na,na,na,na,na,na,na,na,na,na,na,na,na,na,na,na,na,na,na,na,na,na,na,na,na,na,na,na,na,na,na,na,na,na
  Civil Engineering,155.7,43,191.1,706.2,449.8,1072.2,1567.2,153.2,409.7,1492.7,598.1,798.4,429.6,786.4,432.5,918.2,1535.5,1098,992.6,1181.1,151.3,800.5,409.2,953.6,262,1479,1907.7,1030.5,167.1,275.6,69.9,1033.8,253.9,329.7,54.3,945.3,167.6,208.5,407.3,490.2,1070.4,463.3,1294.9,1126.7,554.4,1174.7,220.2,210.9,1036.6,498.9,350.1,1139,300.4,1109.8,3897,208.9,157.8,126.2,111.3,927,306.7,1322.4,230.2,461.9,1374.7,339.6,1026.3,2297.6,688.1,3601.8,64.1,219.9,510.1,151.1,165,373.8,82.6,165.6,402.1,85.4,438,109,1247.1,188.4,1116.3,116.8,312.8,3646.6,106.6,1205.1,177.2,911.4,1318.8,206.2,192.4,263.7,797.7,231.7,641.4,386.7,189,157.6,177.3,212.1,1459.9,514.1,410.2,1844.7,327.4,1457,1516.2,278.1,1175.7,530,263,1515.4,1348.8,529.6,565.2,1155.8,66.1,297.5,434.1,365.4,160.9,239.4,175.6,192.2,427,1800.1,251.9,124.7,149.2,209.4,296.8,360,609.1,214.6,115,926.9,222.8,514.3,770,770.6,849,666.6,897.2,91.8,751.5,165.6,202.4,285.8,116.5,266.7,140.3,321.6,295.8,248.5,430.6,282.8,143.3,289.3,522,71.3,183.4,1333.1,1117.6,765.7,1617.8,253.8,1008,1043.9,134.2,968.5,195.1,1907.6,3209.3,377.8,444.3,86.6,101.9,410.8,402.8,351.7,681.4,449,70.6,791,87.7,358.2,613.2,104,133.9,214.5,58.7,223.1,252.6,98.6,101.5,140.5,205.1,109.3,296.6,195.4,193.1,123.6,85.9,213.3,115.3,139.2,98.9,76.1,51.5,232,118,287.1,120.1,113.4,36.7,279.1,164.2,116.5,225.1,299.3,466.1,83,533,99.3,436.9,69.7,90.6,265.3,71.5,143.8,52.2,45,62.7,51.4,236.3,291.3,186.5,22.2,105.2,104.1,73.5,96.4,65.3,135.4,34.1,57,740.2,234.4,1188,357.2,337.6,100.3,40,114.9,528.2,173.4,285.2,84.7,443.5,170.2,187.9,563.2,399.4,439.2,67.9,43.5,347.4,74.9,1887.5,81.4,144.2,130.9,5190.4,150.6,34.4,211.4,183,331.3,438.4,54.4,153.1,110.5,76.8,145.1,268.1,303.5,86.1,87.6,191.9,402.2,1384.3,95.7,259.9,209.1,95.7,753.6,216.7,200.8,124.9,238.1,93.5,38.3,74.3,53,355.7,389.8,316.9,953.5,1008.9,269.3,598.9,62.4,124.6,329.2,626.7,80.9,51.1,67.6,100.4,216.9,1322.1,150.7,525,49.3,786.1,56.6,113.5,50.3,478.8,87.7,73.8,450,55.8,297.5,84.3,580.3,379,500.8,42.3,42.5,57,56.3,142.2,46.5,133.8,101.6,55.1,120.8,43.4,151,142.1,40.1,36.6,36.3,416.3,114,67.7,23.7,194.5,63,715,48.7,49.2,113.7,106.6,58.1,109.8,37,63.8,30.5,91.8,59.2,317.6,757.2,83.6,121,136.1,417.1,121.8,86,22.4,77.7,27.6,65.7,68.3,48.9,81.2,26.2,32.1,60.3,78.6,69,140.3,38.2,183.6,45.6,373,67.6,244,48.6,292.8,27.3,43,35.5,39.5,66.7,74.6,294.4,14,23.7,32.3,72,13.6,20.5,39.8,65,39.7,68.7,181.1,36.5,63.8,47.9,43.4,335.1,119.5,63.3,32.4,74,44.9,64.4,53.2,80.7,146.9,78.5,26.3,33.5,104.6,68.7,31.7,82.4,171.6,84.5,154.4,220.3,113.7,532.8,na,na,na,na,na,na,na,na,na,na,na,na,na,na,na,na,na,na,na,na,na,na,na,na,na,na,na,na,na,na,na,na,na,na,na,na,na,na,na,na,na,na,na,na,na,na,na,na,na,na,na,na,na,na,na,na,na,na,na,na
Total Public Sector,397.6,1497.3,528.6,1843.9,1617.5,1865.3,1962.3,1584.1,692.2,1466.9,915.2,1323,1401.5,1216,632.2,1266.5,2586.2,2258,1144.5,1824.8,901.5,1571.9,1969,1316.8,364.4,1951,3307.2,1334.8,385.3,1770.2,1110.5,1293.2,915.2,291.2,302.9,1140.8,1415,348.3,1963.1,908.4,1302,1181.1,2335.9,1826.9,1210.7,1608,1659.6,3231.7,1806,1030.8,778.5,1647.6,600.2,1290.7,5054.7,569.3,1234.9,340.1,911.5,1663.7,1223.6,1896.2,865.2,1740.3,1663,1133.9,1408.4,2984.2,951.4,3751.5,612.6,804.2,1059.8,554.6,1044.8,724.7,829.6,1109.3,882.4,570.2,848.4,362.8,701.9,651,1785.7,580.9,1083.1,4741.1,770.9,2414.8,797.8,1854.9,827.6,542.2,442.3,888.2,1835.7,803.8,1092.2,1741,1563.3,863.8,778.8,386.7,2245.4,754.2,3094.1,2590.9,876,2401.3,2606.7,519.9,2048.4,917.5,1214.7,2399,2010.9,1054.6,1484.6,1653.4,408.1,225.7,799.7,1794.1,836.3,1007.5,1026.9,862.7,1082.3,575.5,570.7,227.9,435.4,1383.7,360.5,1426.5,1201.1,371.7,628.7,2201.1,864.6,1656.4,1190,1305.5,1583.2,1317.8,1672.9,725.4,924.9,1209.3,1103.5,712.3,714.9,898.6,680.6,172.4,661.2,426.8,686.1,796.7,999.2,694.2,1025.4,283.9,356.6,1694.7,1673.6,1044.3,1957.3,545,1599.2,1361.7,1110.1,1244.4,614.5,2716.3,3468.3,1568.5,792.5,926.3,690.6,509.7,617.8,895.4,894,1787.7,685.3,729.6,532.4,490.6,820.6,264.8,406.9,335.3,476.5,315.5,305,337.5,176.5,514.4,391.6,199.6,373.1,221.6,355.5,226,140.3,455.7,282.9,405.3,327.6,374.5,338,393.3,107.1,265.6,298.2,57.1,171.7,741.2,713.3,197,183.3,474.1,464.9,134.4,802.1,173,732.6,345.5,197.8,540.4,279.3,247.3,235.6,637.8,439.6,410.3,425.4,583.3,643.9,378.2,157.1,781,315.3,363,476,1813.4,259,464.4,1039.5,398.5,1668.7,753,596.7,1165,596.8,411.3,1008.6,376.7,829.8,332.9,664.8,511.7,586.9,958.4,617.8,803.4,362.9,278.1,681.4,419.9,2021.3,373.2,525.9,390.3,5433.4,393.6,335.7,425,482.2,626.6,667,135.4,504.3,397,476.7,528.5,835.4,409.1,696.8,417.9,442.1,934.3,1829.8,518.6,524.3,522.2,790.8,1234.4,776.1,1247.7,964.9,1208.2,816.8,229.8,954.5,690.3,1019.6,1164.4,794.2,1514.6,1381.8,544.9,1094.1,625.2,1093.9,852.4,1131.3,693.9,646.9,710.7,635.6,1019.5,1954.3,724.5,1049.5,385.1,1109.7,576.1,803.4,1083.6,802.1,603.6,649.8,844.4,468,749.7,925.1,958.7,511.6,636.2,505.8,527.1,264.6,266.6,677,408.8,490.9,213.2,778.2,293.2,471.7,674,532.6,346,564.4,297.7,679.4,360.8,404.8,298.6,796.5,322.4,1225,374.1,657.1,446.9,316.7,326.5,345.2,456.5,296.2,439.2,394.1,500.7,626.5,1255.9,210.3,389.1,383.3,688.5,434.1,401.3,251.1,221.5,207.5,212.6,207.1,247.5,350,241.6,266.6,236.1,511.1,313.4,299.6,200.6,355.7,234,573.2,115,392.9,225.4,390.3,139.9,186.6,160.7,225.1,244.1,203.9,428.4,116.5,96.9,160,150.1,114.4,130.2,93.5,188,124.9,162.3,150.2,195.6,198,136.9,163.4,501.9,222.4,216.3,130.9,265.4,155.3,226.7,146.8,260.4,263.2,223.2,173.3,132,289.3,226.3,218.8,275.9,298.5,259.5,338.1,397.3,233.4,670.3,652.6,389.7,579.4,212,175.6,154.1,192.4,309.1,454.7,224.5,245.8,562.6,202,368.3,499.9,459.7,293.4,295.6,180.9,492.7,691.2,373.7,968.9,642.9,592.8,325.7,456.2,630.3,576.8,461.7,285.7,274.9,633.9,608.3,197.4,415,720.5,569.6,242.9,433.6,285.1,364.7,296.6,377.9,349,375.6,355.7,312.4,480.7,176.9,375.4,495.1,762,364.2,306.1,148.4,152.9,173.7,173.3,220.8
  Residential,21,847,13.8,757.1,521.8,729.2,192.6,1243.5,141.3,42.1,244.2,860.4,49.9,409.6,151.8,8.1,886,1098.7,125.1,529.1,497.2,607.8,954.4,152.7,80.9,472.9,764.6,18.6,256.7,877.2,772.5,22.7,712.4,140.7,0.2,136.9,297.5,54.3,307.2,28.3,134.2,18.8,867.5,294.6,236.7,258,18.6,418.9,327.7,35.1,404.4,482.8,214.1,35.2,827,248.1,328.2,9.4,126.3,408.4,252.4,383.1,384,42.4,99.7,733.4,221.8,253.8,194.3,99.8,287.5,525.9,173.8,261.1,272.9,6.3,185.4,760,177.4,240.9,143.9,4,303,313,262.7,23.3,464.6,1049.8,14.8,258.3,278.2,487.7,272.8,164.3,144.1,409.1,150.7,215,106.3,790.7,492.6,299.6,273.9,51.1,431.1,330.3,843.5,722.8,461.3,603.8,182.7,295.9,368.4,254.5,760.3,754.3,493.6,321,746.4,544.5,142.8,48.4,291.4,1039.1,574.3,662.3,575.7,426.8,167.8,196.2,389,40.2,22.2,418.7,29,392.3,538.1,138.3,299.5,818.1,656.4,1004.7,459.4,379.8,396.5,599.2,455.3,517.7,89.4,555.9,255.7,206.6,199.8,445.9,341,13.7,328.6,163.3,189.5,373.2,116.1,173.7,75.3,136.2,171.2,302.4,394.7,290,260.7,252.6,407.3,163.7,236.6,117.8,206.2,543.2,245.5,1074.4,208,641.8,275.4,93.1,259.7,406.6,185.2,537.9,407,50.9,435.1,129.4,187.7,107,136,28.1,108.4,89.1,74,57.2,73,203.4,172.7,45.2,100.8,93.7,78.6,46.1,45.3,91.5,69.1,144.2,115.6,163.4,48.2,98.9,16.3,118.8,67.4,15.3,9.4,445.8,10.3,25.4,46.2,116.9,17.2,19.5,132.7,76.4,94.9,249.9,50.5,376.5,33.9,62.7,49.8,94.7,244.6,99.9,84.9,83.6,14.1,80.8,39.4,164.4,8.8,118.6,36.9,34.3,36.7,49.4,40.8,51.2,38.9,113,130,225.1,278.5,35.1,77.4,49.2,116.5,35.2,91.4,129.2,86.5,125.1,106.3,118.6,12.2,8.9,133.7,201.7,87.6,143.3,229.5,161.9,61,75.6,202.6,37.9,127.3,148,132.8,8.4,59.8,170.9,174.8,161.2,476.3,242,594.3,195.9,130.9,476.8,255.4,302.9,119.2,168.6,288.1,261.2,260.5,449.3,334.2,336.2,396.1,123.3,514.9,390.1,462,450.9,379.5,405.8,73.2,169.8,385.4,524.9,425.6,277.3,338.6,334,450.4,491.6,239.5,292.9,353.5,121.4,514.7,242.1,219,213.4,682.6,329.7,264.4,355.6,510.3,268.6,342.5,381.4,284.1,305.7,91.3,224.2,380.9,252.3,167.4,191.9,391,250.5,288.8,70.7,398.2,87.4,141.4,376.9,267.6,228.1,300.6,234.3,210.6,176.4,226.1,158.2,257.1,139.2,368.9,259.6,498,289.6,101.8,215.9,202.1,217.9,201.7,377.1,222.4,221.7,227.4,428.4,94.8,121.9,165.3,145.2,182.7,99.7,147,106.2,150.9,49,117.2,158.1,243.1,163,45,84.5,166.3,188.2,78,126.1,96.9,125.5,97.6,40.3,94.9,143.2,22,59.3,85.3,82.2,59.7,91.3,73.7,100.3,65.9,17.3,66.1,44.4,53.4,69.6,7,49.8,61,44.9,64.1,152,103.2,57.5,45.9,80.9,67.8,109.7,82.3,114.1,93.9,93.1,54.6,126.2,101.3,96,103.8,78.1,124.5,115.2,145.7,151.5,71.8,127.1,111,98.9,90.3,119.9,na,na,na,na,na,na,na,na,na,na,na,na,na,na,na,na,na,na,na,na,na,na,na,na,na,na,na,na,na,na,na,na,na,na,na,na,na,na,na,na,na,na,na,na,na,na,na,na,na,na,na,na,na,na,na,na,na,na,na,na
  Commercial,0.3,0.2,1.4,0,20.1,0.8,5.7,9.2,2.7,12.2,5,0.9,39.2,8.2,0.9,5.7,16.2,2.2,0.1,0.6,24.4,19.7,1,4.8,0,12,0.9,0,0,1.6,1,2,8.5,0.1,13.8,5.2,294.7,2.3,11.4,10.3,0.8,15,0.8,0,0.1,0.3,0.7,8.3,7.4,25.8,3.9,6.9,1.2,1.9,17.9,1.3,3.8,0.1,0.9,57.5,3.5,1,2.2,0.5,4.7,0,7.6,1.6,0,0.6,0,7.9,5.1,64.8,0.3,23.8,12.1,2.3,2,23.1,0.5,0,8.4,0.8,0.3,2,1.8,8.5,24.9,26.9,39.8,13,0,13,35.2,125.2,10,13.1,3.9,14.9,15.4,14.3,0,0,0.6,11.2,27.5,2.4,10.2,0,58.6,0,8.8,0.4,0,3.1,34.3,0.1,7.8,0,4,0,0,0.2,11.5,3.5,0.4,2.8,3.8,31.3,5.2,10,24.9,9.5,0.8,0,0.1,12.9,0,0,2.7,0.3,0,16.8,6.3,6.9,10.2,0,5.5,2.4,109.3,0.1,4.5,10.2,0,1.2,0.1,2,7.3,2.3,35.6,5,2.7,2.7,4.3,0,0,20.9,5.1,1.7,0.1,16.2,12.9,6.4,15.3,2,5.4,9.5,6.1,14,22.1,28.9,4,13.9,18.3,4.3,4.9,3.8,5.7,2.9,6,1,9.7,2.3,19.1,5.9,0,43.3,0.2,0.5,26.5,8.3,3.5,11.9,0.7,7,0,0.1,9,0.2,0.4,15.9,11.8,6.8,1.4,0.3,7.4,7.9,9.5,16.5,21.5,7.5,2.1,5.8,7.7,32,12.4,11.2,2.1,2.1,0.9,0.2,3.3,0.7,1.6,12.9,3.8,19,10.4,1.8,35.3,13.3,16.8,13.4,0.9,2.1,5.6,14,5.5,0.3,15.8,16.6,11.9,7.7,9.4,8.1,31.6,126.4,1.1,2.4,0.5,6.6,1.4,19.9,19.1,1.1,8.7,3.5,6.1,4.3,55.8,2,4.5,10.8,3.5,8.6,2.9,45.1,2.1,18.4,4,1.3,11.8,0.6,5.1,15,1.9,12.7,4.5,0,0.4,65.1,2.1,0.1,132.5,94.5,2,110.3,0.7,0,184.5,239.1,229.3,475.2,0.8,2.8,2,91.6,0.9,192.2,63.4,36.2,1.1,0.5,6.4,0,328.1,66,1.2,0.3,39.9,15.1,14.5,34.2,2.8,120.2,1.9,18.5,52.6,17.2,0.4,0,0.2,1.4,5.7,12.5,1.2,2.1,75.7,1.3,2.6,0.5,7.6,86.3,2.5,0.3,4.4,34.4,2.3,2.6,2.6,11.7,4.7,9.9,0.4,0.2,168,0.3,0.4,18,15.2,14.8,3.4,34.3,1.2,9.1,13.7,0.4,2.3,2.3,0.6,112.5,10,28.3,50.5,1.2,5.3,12,4.1,26.8,4.1,10.4,1.9,4,0.1,1,4.8,0.7,0.2,1.4,1.1,0.2,0.2,11,5.5,1,85.8,2.4,4.2,2.6,3.5,2.2,0.2,0.2,1.9,0.2,8.1,28.1,1.5,2.5,13.5,1.9,0.8,5.4,7.2,1.3,11.6,1.3,0.1,5,0.6,2.3,0.3,1,0.5,2.1,0.4,0.6,1.5,2.2,1.6,0.9,0.8,4.4,5.8,34.2,2.8,0.8,0.3,0.8,10.1,14,4.3,0.9,0,0.3,4.4,13.1,5.3,0.9,na,na,na,na,na,na,na,na,na,na,na,na,na,na,na,na,na,na,na,na,na,na,na,na,na,na,na,na,na,na,na,na,na,na,na,na,na,na,na,na,na,na,na,na,na,na,na,na,na,na,na,na,na,na,na,na,na,na,na,na
  Industrial,33.3,10.3,150.4,6.5,0,63.7,26.4,0,0,71.2,1.9,10.3,0,0.7,0,237.5,2.5,0.6,5.4,0,200.7,32.6,14.2,241.6,9.2,0,128.7,262.6,29.9,8.1,246.9,5.6,0,33.8,0,0,451.5,0,746.6,428.5,29.9,73.9,11.6,0,3.5,16.1,1308.4,672,0.5,576.9,0,65.5,14,0,241.9,43.2,0,5,8.8,22.8,457.5,0,0,0,0,0,460.1,27.4,10.4,21.2,0,21.8,424,1.2,29.3,215.3,440.7,21.7,296.5,0,138,2.2,136.9,113.1,111.7,5.6,19.1,5.5,7.9,2.4,74.7,212.4,132.8,41.4,1.9,72.4,327.7,80.4,72.2,181,32.6,15.3,13.4,73.4,4.3,15.2,390.7,44,2.1,2.2,26.7,5,8,6,19.5,0,10.7,141.4,56.8,0,1.7,1.4,75.4,0,4,1.2,0.2,3.6,105.8,0,7.8,0,39.1,0.2,6.1,140.1,3.8,1.1,28.8,387.4,1.1,20.5,8.3,0.4,3.2,2.7,20.2,1.7,8,0.8,2.1,0.8,10.7,0.4,149.2,0,2,3.4,6.6,17.1,671.3,209.3,116.3,6.2,2.7,4,0.6,2.1,35.7,0.1,23.3,0.2,0.4,17.8,7.7,0.3,6.5,5.2,10.3,4.3,0.1,11.6,2,6.6,1.6,5.7,8.7,1.7,11.8,4.2,12.1,10.9,6,47.5,18.2,8.7,7.8,54.4,0.9,62.2,0.6,4.5,1.1,3.5,5.2,7.8,16,30.6,0.4,3.8,11.2,11.5,0,2.8,8,2.1,11.3,1.9,6.7,9.9,302.6,2.8,0.4,4.2,1.8,5.4,8,3.7,2.3,3.3,1.7,27.7,1.7,2.7,57.8,53.9,9.8,5.2,33.7,0.5,16.5,210,11.3,125.2,91.7,1.4,46.2,401.1,0.7,260.1,102.9,6.5,175.2,102.8,3.4,617.5,1.4,7,117.3,66.3,69.8,0.5,4.1,1.1,7.3,5.7,34.3,127,2.8,78,2.2,0.4,0.2,1.5,0.2,1.1,5.3,0.3,41.4,12.8,1.8,74.9,3.2,4.7,70.9,6.3,0.1,38.8,52,1,4.6,5.3,0.6,4.6,0.7,20.7,0,0,6.7,112,0,206.7,31.2,24,207.7,0,36.3,8.8,0,41.1,14.3,34.6,63.1,45.9,13.1,35.3,25.2,4.5,95.6,1.1,81.6,18.9,80.2,119.1,41.3,0.1,28.3,28.5,6,254.5,18.4,0.4,8.9,23.9,0.1,46.6,52,15.6,123.7,93.4,11.1,29,61.6,113,10.5,0.3,11.3,14,51.5,2.4,5.8,10.4,45.4,7.8,27.5,8.3,4,2.1,26.9,3.8,1.5,26.4,13.4,43.2,60.4,11.3,1,10.9,0.7,1.7,2.1,13.5,2.5,4.1,2.2,148.3,2.7,6,1.1,25.7,0,63.8,29.1,7.2,17.6,14.3,1.3,14.1,13,9.2,4.9,1.5,11.2,17,34.5,47.8,1.9,0,37.8,0.8,79.1,1.1,46.8,4.8,5.7,2.6,3.5,14,18,58.7,4.3,0.2,5.9,0,9.8,1,4.2,12.6,1,0.2,3.9,12,2.7,2,13.9,9,2.2,1.2,2.5,0,2.8,10.7,1.1,11.1,1.9,0,3.1,0.6,0.2,0.6,0.7,4,2.5,1.2,0,0.5,0.3,0.2,1.2,0.1,na,na,na,na,na,na,na,na,na,na,na,na,na,na,na,na,na,na,na,na,na,na,na,na,na,na,na,na,na,na,na,na,na,na,na,na,na,na,na,na,na,na,na,na,na,na,na,na,na,na,na,na,na,na,na,na,na,na,na,na
  Institutional & Others,189.1,605.4,171.9,383.4,644,70,196.2,179.3,200.6,97.3,139.5,337.5,1217.2,112.1,47,100.9,194,107,24.4,137.3,28.7,118.1,620.1,16.2,87.2,25.7,559.6,49.9,71.4,610.1,28.4,230.7,61.1,36.9,276.8,142.7,213.5,84.6,640.5,78.1,76.9,610.6,161.9,491.9,427.9,352.3,123.4,1946.5,525,97.5,138.2,374.3,167.8,152.6,115.3,77.5,745.3,230.4,672,292.5,237.1,233.7,258.1,1236.3,187.1,74,137.3,430.8,60,118.1,296.9,118.4,94.4,96.3,620.9,258.7,111,162.3,56,241.8,142.4,255.9,130.3,98.2,309.1,472.5,318.7,48.3,670.9,951,270.2,251.1,239.9,166,105.1,86.1,596,289.1,312,425.9,934.7,411.5,370.1,164.9,398,87.5,1552.7,223,160.1,434,865.6,94.3,506,367.3,259.3,275.5,512.7,179.2,145.9,73.6,196.9,84.9,107.5,399.3,101.9,282.8,392.5,263.3,604.5,204.7,65,104.9,288.1,773.4,206.3,573,113,70,234.9,109.4,114.9,132.8,13.9,203,343.1,80.3,316,144,81.7,606.3,556.3,360.1,396.9,217,97.6,89.3,83.6,45.3,212.6,142.2,42.5,56.8,364.2,79.9,85.9,131.3,374.9,64.3,67.1,97.9,166.1,209.3,792,144.7,233.7,278.1,35.1,198.9,146,188.9,305.4,152.1,68.4,321.2,46.2,905.5,241.9,99.2,47,127.9,48.8,66.9,143.1,189,313.9,56.3,50.8,106.3,75.8,161.3,43.2,91.9,56.2,88.6,134.4,78.5,30,127.3,131.3,221.4,122.8,129.4,252.4,95.5,31.6,18.8,132.9,25.8,121.8,135.8,227.5,105,100,62.7,69.3,28.6,135.3,48.3,216.4,76.8,100.3,79.3,180.9,42.5,78.8,433.8,121.9,249.6,66.2,229.4,397.4,60.3,52.8,385.6,156.2,147,337.3,1238.5,188.1,108.4,149.6,147.2,265,182.9,130.2,219.5,247.2,153.9,285.9,88.9,379.7,218.2,134.5,211.7,292.5,276.1,155.1,156.4,284.2,149.2,160,166.2,110.9,154.7,227.9,125,189.1,140,71,172.8,261.7,156.5,129.4,89,241.7,108.2,240.8,206.4,232.8,114.4,41.6,130.1,123,73.3,83.5,29.2,177,64.8,437.2,122.5,126.2,174.6,270.2,146.5,124.8,70.7,337.9,150.3,213.5,97,25.9,90.5,276.5,66.9,99.7,14.3,202.9,177.6,71.3,290.9,51.1,128.3,216.2,367.4,259.2,339.6,115,49.3,52.5,46.5,35.3,705,73,169.1,63.7,72.8,19.1,84.5,372,18.7,52.5,10.2,15.5,37.1,36.4,25.7,136.3,65.4,20.1,47.3,317.7,146.4,239.8,129.3,127.7,71.9,59.4,30,26,56.6,95.4,76.2,329.5,44,80.8,50.4,96.4,33.9,108.4,50.2,33.5,77.5,29,2.8,74,75.6,73.6,52.3,26.8,93.7,78.4,52,100.8,204.5,64.1,22.3,25.8,89.5,9,32.1,23.1,50.9,178.7,63.4,236.9,7.7,7.5,34.9,33.3,59.5,47.9,8.6,6.9,28.5,76.9,50.7,46.7,14.4,113.7,25,39.3,31.6,29.9,54,44.6,31.6,31.7,26.2,45.6,69,23.9,34.5,28.1,8.2,16.7,21.6,73.2,85.2,31.2,41.5,13.4,65.8,15,53.8,31.4,21.5,9.4,47.8,43.3,19.4,49.5,24.5,34.8,40.8,56,47.5,68.3,64.8,23.2,16.6,na,na,na,na,na,na,na,na,na,na,na,na,na,na,na,na,na,na,na,na,na,na,na,na,na,na,na,na,na,na,na,na,na,na,na,na,na,na,na,na,na,na,na,na,na,na,na,na,na,na,na,na,na,na,na,na,na,na,na,na
  Civil Engineering,154,34.4,191.1,696.9,431.7,1001.6,1541.4,152.2,347.6,1244.1,524.6,113.9,95.3,685.5,432.5,914.2,1487.6,1049.4,989.6,1157.8,150.4,793.7,379.3,901.4,187.1,1440.5,1853.3,1003.8,27.3,273.2,61.7,1032.2,133.1,79.8,12.2,856,157.8,207.1,257.4,363.2,1060.3,462.7,1294.1,1040.4,542.5,981.3,208.7,186,945.4,295.5,232.1,718.1,203.2,1101,3852.6,199.3,157.6,95.3,103.4,882.6,273.1,1278.4,220.8,461.1,1371.5,326.6,581.6,2270.7,686.7,3511.8,28.2,130.4,362.4,131.2,121.4,220.6,80.4,163,350.5,64.4,423.6,100.6,123.3,125.9,1101.9,77.6,278.9,3629.1,52.3,1176.3,135,890.8,182.2,157.5,156,195.5,751.3,206.3,597.8,328.5,88,123,121.4,97.4,1411.4,310,279.7,1598.7,242.2,1361.3,1473.2,124.7,1157.3,289.2,175.6,1366,959.6,412.9,527.8,1035.3,62.7,91,325.4,355.5,144.7,57.6,58.1,166.2,200.5,143.2,103.6,72.8,61.2,181.9,118.4,321.1,546.1,149.4,65.5,886.2,89.5,498.1,708.4,705.4,834.1,628.8,871.2,62,740.3,43.9,180.2,144.8,103,225.2,92.8,68.2,246.9,212.8,270.3,261.9,133.7,249.4,467,58.9,92.5,1257.1,903.5,667,1588.8,192.7,1002.3,972.3,68.2,957.7,151.7,1892.7,3175.9,280.7,422,77.2,87.7,224,283.8,147.2,642.7,334.3,23,574,32.8,226.2,565.9,79.1,112.1,68.4,17,155.5,172.4,76.3,26.6,87.1,148.7,49.7,211.6,23.9,136.6,86.7,48.9,206.3,73.1,35.8,77.6,54.4,25.6,189.3,49.8,125.7,79.3,6.3,24.3,133.2,151.5,56.4,34.7,284.7,368.8,48.9,513.6,33.3,416.9,13.5,44.4,56.8,59.6,138.8,47.6,42.5,59.7,36.6,230.2,268.1,180.7,13.8,36.7,92.4,57.7,93.9,49.9,125.5,28.1,46.2,730.4,177,1177.8,346.7,323.7,94.7,38.1,89,526.9,170,263.4,72.4,433.4,149.8,181.6,550.4,313.4,397.9,57.6,37.7,329.7,49.7,1818.1,62.9,64.8,93.7,5175.2,132.6,18.7,183.1,87.5,245.9,389.8,32.7,126.9,96.6,59.1,109.4,69.8,51.7,55.9,21.5,185.5,379.6,1357.8,71.3,226.2,178.5,58.2,738.6,204.8,178,100.1,226.3,87.4,33,63.3,49.6,343.2,383.3,311.1,947.6,967.9,261.9,589.5,50.7,112,327,624.5,67.7,23.9,56.9,85.2,205.8,1297.5,143.2,389.6,46.7,779.5,44.4,66.7,48.5,455.6,53.7,70.1,443.9,53.3,266.1,69.5,539.6,354.2,372.3,40.2,38.3,47.9,48.3,134.1,44.6,128.3,90.2,54.1,37.3,40.3,150,109.5,37.5,32.4,31,415.5,106,66.7,23.1,193,61.8,713.8,43.7,48.2,112.1,103.4,56.5,106.9,35.1,53,26.9,44.9,53.9,317.5,757.2,83.6,121,135.5,417.1,119.7,86,22.4,77.7,24.8,59.2,67.7,46.7,78,26.1,31.6,60.3,67.9,68.7,126.4,37.2,183.5,45.6,345.2,62.8,244,48.6,283.9,27.2,43,22,32.3,66.7,73,294.4,14,20.3,32.3,72,13.6,20.5,39.8,64,35.5,68.7,55.1,32.4,63.7,46.7,41.6,334,119.5,62.8,30.7,73.8,44.5,64.3,53.1,78.6,146.6,77.9,25.7,33.1,104.5,68.6,31.6,81.5,170.6,84.2,154.2,220.3,113.3,532.8,na,na,na,na,na,na,na,na,na,na,na,na,na,na,na,na,na,na,na,na,na,na,na,na,na,na,na,na,na,na,na,na,na,na,na,na,na,na,na,na,na,na,na,na,na,na,na,na,na,na,na,na,na,na,na,na,na,na,na,na
Total Private Sector,1096.5,725.2,1163.9,1213.4,1808,753.5,900.8,1237.3,842.2,640.8,980.4,1924.5,1210.2,984.3,677.8,1886.9,561.9,635.7,570.7,719,1518.2,1172,604.1,1536.7,1809.8,946.4,726.3,1193.9,655.7,640.2,544.5,623.5,685.8,1220.2,291.8,305,481.4,1081.5,497.3,1392.9,736,1013.2,371.1,750.4,1511.7,1230.8,668.7,1216.4,1305.6,1428.2,927.2,1801,1911,1375.4,572.4,873.6,1041.1,1337.1,1290.6,1006.9,893.1,463.3,910.9,572.6,1662.6,1615,986.6,974.2,581.8,332.8,506.7,1250.6,808,797.9,617.5,961.5,463,683.1,1309.3,738.6,704.9,1553.5,1539.2,561.1,580,835.9,1402,730.8,463.9,591.4,648.1,543.6,1788,906.2,693.6,644.4,1509.7,1486.5,1324.7,721.4,1718.8,1796.3,1449.7,1776.7,2433.4,1191.5,1573.4,1034.5,1543.2,1116,1735.1,1060.7,1495,3128.2,996,776.8,2157.1,1738.5,1109.4,2063.8,4738.1,1341.2,1303.2,2295.1,797.7,1598.4,1564.1,2191.5,2207.5,2617.4,1551.9,1382.8,1337.6,2682.8,1901.1,1316.5,1104,1379.5,2007.5,2018.4,1724,1401,1945.3,1264,1528.2,2071.9,1019.6,1907.5,1420.6,1900.4,1657.4,1570.8,1529.2,896.5,3188.1,1223.4,2384.1,2226.4,912.3,1689,563.8,1177.2,1144.8,1442.6,1216.5,764.3,1045.6,528.6,528.1,513.8,483.4,461.4,339.7,153.5,757.2,386.4,622.8,1902.1,1731.2,1579.8,2520.5,1778.6,2832.5,2157.5,1868,2066,2061,1628.5,2825.7,777.4,1684.3,1092.1,1186.5,2043.9,2491.3,985.2,525.9,1458.3,1187.4,663.4,782.4,3426.6,1137.4,1332.2,1019.8,771.5,891.1,536.1,436.5,870,496.7,544.5,632.6,674.8,296.3,809.4,277.1,374.3,678.5,1168,751.7,767.5,729.3,1039.8,317.9,414.5,242.9,343.7,324.9,238.5,546.2,635.7,430.3,449.1,285.2,291.5,739.3,546.9,129.3,276.7,561.8,437.9,422.2,595.5,144.1,217.3,279.1,212.3,436.4,485,323,304.2,647.3,378.3,467,478.7,255.9,576.9,530.1,209.7,894.2,329.3,748.8,382.9,429.9,712.7,587.2,799.9,539.4,805.8,902.7,399.1,464.7,395.8,585.2,491.1,1018.6,397.6,820.9,575.3,1223.2,780.1,898.9,580.1,888.4,389.1,278.7,415.5,489.2,592.8,625.5,894.2,287.5,311.6,599.5,89.9,376.3,291.2,292.1,292.9,340,780.5,794.8,967.7,720.6,427.7,1060.3,1005.1,2139.8,857.9,918.3,880.9,796.1,744.2,1108,990.6,734,1434.7,712.4,695.3,798.9,1175.5,838.7,639.6,1029.5,733.8,1309.6,729.9,450.6,539.6,979.1,1074.7,396.1,540.8,628.6,463.6,614.9,805.5,693.2,744.6,597.2,712.9,446.2,694.9,674.7,834.5,920,403.4,427.6,291.7,594.3,447.6,544.1,369.5,383.7,474.1,401,354.6,213.3,474.7,402.4,478.8,255,446.6,298.4,193.1,608.8,754.7,684.9,226.3,281.1,724.2,600.6,321.6,1508,430.3,164.9,465.4,257.4,237.4,362.2,332.5,328.8,378.1,317.4,314.5,401.8,408.3,281.3,399.9,253.4,543.9,401.3,99,550.9,439.6,329.3,383.5,387.8,165.2,560.1,223.5,138.6,172.3,245,425.6,238.3,177.1,204.3,237.6,249.9,267.7,169.7,163.8,142.9,107.2,114.5,142,116.6,77.7,83.1,122.3,268.6,130,115.7,166,183.1,132.7,74.6,126,150.8,95.7,88.2,55.4,136.8,34.9,105.1,81.2,34.3,43.8,38.9,35,24.8,48.9,15,17.6,30.4,11.1,24.8,60.5,31.4,61.4,41.8,51.6,70.9,32.4,30.4,49.2,108.4,88.1,67.9,50.4,38.5,43.7,76.6,56.8,68.3,323.5,78.2,130,179.3,233,98.2,167.6,296.1,328.7,185.9,156.7,283.7,574.7,306.7,137.1,567.3,219.1,227.8,867.4,916.6,189.5,457.1,277.4,223.3,165.4,484.4,224.7,240.6,654.5,454.5,251,324.4,280.7,232,255.6,207.9,303.3,125.8,261.7,233.4,148.8,164.5,271.3
  Residential,361.2,296.3,418.7,839.7,886.1,310,290.6,509.9,384.2,160.9,197.2,144,248.3,653.1,271.3,460.7,248,292.8,86.9,131.1,425.4,464.1,123.2,867.3,384.6,92.6,280.9,317.1,357.7,357.3,127.6,157.4,219.4,232.7,57.4,112.6,184.8,176.5,38.3,841.6,374,290.8,246.3,333,495.1,357.3,144.6,746.3,402.2,615.9,536.9,206.6,152.4,740.3,251.7,488.6,568.4,363.3,856.1,617.8,441.6,184.5,541.4,161,90.4,612.3,330.8,543.4,313.2,57.7,244.2,298.9,131.6,255.9,239.6,146.9,202.7,242.6,585.2,228.9,369.8,261.2,230.2,160.8,182.5,242.5,470.8,340.3,70.2,81.2,265.8,221.4,254.5,103.7,50.4,185.9,517.5,724.1,408.1,148.6,616.3,462.9,563.6,722.6,277.4,121.5,872.2,362.6,579,274.9,971.9,233.6,717.3,774.5,286.1,322.2,684.7,835.2,548.2,817.2,2522.1,452.5,627.1,1171.7,566.1,751.9,864.4,1107.8,478.4,431.7,829.2,550.6,322,1062.8,894.5,668.2,514.2,787.8,662.4,1366.7,744.9,731.6,754,735.7,912.6,771.2,371.1,962,537.4,516.8,1124.6,454.3,657.3,655.2,1006.5,484.6,1075.4,716.4,357.8,942.2,269.4,936.5,833.7,562.5,579.6,402.1,458.9,196.7,290.2,144.4,227.5,87,74.2,68.6,43.6,144.5,64.1,539.5,300.9,772.5,879.9,909.4,504.3,815.2,640.5,782.4,273.7,253.6,1047.1,270,305.8,589.5,670.1,547.7,870.7,260.4,126.5,336.2,700.4,352,295.9,209.1,472.1,204.8,541.7,324.5,486.1,224.4,228.5,95.6,174.5,202.2,182,222.7,102.8,181.3,102.7,79.7,408.8,408.5,332.7,191.4,381.5,473.2,64.8,126,89.1,157.3,144.5,94.5,343,245.5,337.1,130,176.7,114.1,240.9,295.6,58.8,180.4,182.9,166.7,205.9,102,67.8,118.7,146.5,113.4,283.8,323.3,214.8,151.1,149.7,274.7,319.2,107.9,101.7,356,353.8,79.3,175.2,100.3,624.4,65.2,63.2,343.8,217.2,148.6,256.9,546.7,565.2,244.5,225.4,157.2,296.9,136.3,254.3,163.3,231.6,261.5,219.1,384.3,159.8,285,428.8,165.7,77.3,208,59.6,210.6,40.5,270,54.2,155.5,52.5,23.1,53.1,108.6,135.5,98.6,114.7,209.6,278.9,230.7,457.7,261.1,647.8,430.5,749.6,559.8,407,512,424.7,467.8,479.2,653.8,467.9,1049.9,388.8,328.9,289.3,717.9,183.9,214.6,419.2,229.8,277.4,185.8,223.3,227.5,606.6,473.4,121,208.3,304.1,140.7,400,419.1,352,431.4,397.2,79.9,73.6,520.6,133.3,317.6,538.3,188,313.9,152.3,272.4,147.4,364.2,104.9,125.2,227.6,72.7,188.9,90.2,261,268.3,96.5,87.9,203.1,81.2,109.1,117.8,82.2,390.9,136.9,71.5,153,377.9,73.3,154,232.4,38.1,139.8,128.2,63.2,116.1,205.5,98.6,35.5,83.6,148.4,105.3,75.6,37.7,49.4,98.9,214,69,36.9,42.2,112.9,33.3,121.3,168.3,93.6,98,152.6,22.4,50.9,163.2,88.4,52.8,48.8,125,33.1,70.1,75.1,46.6,65.6,80.8,48.1,58.8,41.3,60.2,38.7,43,68.6,87.1,86.3,71.3,128.8,100.4,61.5,36.3,59.7,42.7,61.7,21.6,30.4,30,16.8,85.6,26.2,17.2,17.5,17.7,17,12.5,20.2,6.9,8.7,11.2,2.2,8.6,15,na,na,na,na,na,na,na,na,na,na,na,na,na,na,na,na,na,na,na,na,na,na,na,na,na,na,na,na,na,na,na,na,na,na,na,na,na,na,na,na,na,na,na,na,na,na,na,na,na,na,na,na,na,na,na,na,na,na,na,na
  Commercial,124.1,20.3,321.5,207,779.6,292.4,252.9,49.2,37.3,93.9,177.3,79.9,394.7,6.6,43.5,323,70.6,8.2,39.9,69.7,59.5,372.6,305.7,381.2,601,443.4,63.1,317.5,15.1,25.7,51.6,32.1,133.3,133,32.9,11.8,87.6,274.3,23.9,227.4,151.3,99.6,47.9,30.1,130.8,149,198,128,321.7,108.8,47.3,91.6,483.1,51.4,68.2,190,66.6,182.7,28.3,112.2,36.6,91.1,124.6,39.7,213.3,211,53.9,42.8,164.4,27.4,39.7,611.3,88.3,66.3,36.2,384.9,151.9,65.9,430.2,101.9,70.5,1162.1,45.1,106.7,153.5,264.4,100.2,37.6,180.7,209.9,128.6,133.9,103.4,95.6,172.9,100.3,126.1,53.2,165.5,111.7,614.7,80,196.8,108.5,1715.6,266.1,271.9,217.7,107.5,280.1,151.5,57,276.6,53.9,76.2,29.3,152.7,80.9,54.7,482.8,1591.5,193.6,166.3,761,29.4,44.8,142.6,189,456.1,107.5,361,144.9,437.7,587.7,185.7,70.8,83.4,121.6,763.6,128.1,458,37.4,792.7,67.2,252.4,108.3,67.9,508.6,362.5,611.9,195.1,344.5,116.7,82.5,199.5,229.6,1112.8,262.9,81,319.3,63.6,51.9,94.4,179.5,362.6,113.9,230.6,52.5,53.5,133.9,118.9,164.7,40.1,32.3,583.4,201.8,182.2,1013.5,799.4,168.7,927.2,424.2,1777,716.8,776.3,741.6,1280.7,411,55.4,193.7,410.2,320.3,352.2,615.5,806.8,388.1,207.5,84.3,158.5,153.5,298.9,270.3,352.4,537.9,42.2,99.5,31,11.3,64.1,285.3,92.8,90.6,62.2,192.4,68.2,32.4,18.8,54.5,53,49,168.3,20.1,86.9,318,20.5,46.3,29.2,53,44,16.8,114.8,39.6,15.7,263,8.7,108.5,12,16.4,13.6,39.8,41.2,81.5,37.3,8.5,23.8,13.5,74,54.4,60.8,7.7,17,17.1,410.5,21.1,27.4,162.4,29.4,115.2,63.8,6.2,55.7,18.9,39.8,21.9,72.8,16.3,16.5,14.2,83,10.8,130.6,35.4,23.3,32.1,24.8,85.7,49.2,16.7,46.6,64.3,110.5,48.6,43.1,100.6,190.2,29.4,14.7,38.6,38.3,10.7,122.8,57.6,113.1,3.7,11.4,7.1,8.1,9.9,46.5,82,70.2,402.7,23.8,215,125.5,9,69.7,67.4,376.4,51,71.3,225,32.1,123.8,153.6,47.3,94.4,121.6,118.1,50.7,187,236.2,179.7,161.5,202.6,263.2,310.3,59.1,101.2,132.5,177.5,26.5,161.6,66.5,102.1,91.6,14.5,123.6,76.8,109.2,41.6,364.9,140.9,113.1,49.9,387.4,49.5,53.9,28.9,62.5,242.5,53.8,111.8,173.9,123.5,114.7,128.9,10.3,18.1,122.3,54.2,171.9,34.3,172.8,37.2,10.8,264.9,579,175.4,26.5,80.9,431.4,51.6,80.8,1147.6,111.7,57.2,230,26.2,81.8,59.2,75,139.6,233.7,133.3,117,197.8,252.1,150,249,48.1,220.9,167,29.6,374.8,252.7,175.6,92.7,123.7,25.4,391.2,28.8,83.4,70.9,18.3,199,102.3,35.8,42.7,79.8,111.4,159.1,69.4,72.7,21.6,47.6,21.3,11.2,9.3,7.7,11.5,13.3,14.8,22.3,35,7.3,4.9,13.6,5,6.4,16.5,5.2,6.7,3.1,8.5,1.2,14.2,3.9,4.8,5.9,5,2.6,3.5,3,0.3,2.7,3.9,1.3,4.9,12.6,na,na,na,na,na,na,na,na,na,na,na,na,na,na,na,na,na,na,na,na,na,na,na,na,na,na,na,na,na,na,na,na,na,na,na,na,na,na,na,na,na,na,na,na,na,na,na,na,na,na,na,na,na,na,na,na,na,na,na,na
  Industrial,587.9,384.4,405.2,131.1,80.6,29.3,305.2,98.9,268,131,467.9,992,192.7,123.2,204.8,914.6,150.2,238.7,430.1,470.7,967.5,290,106.1,196,672.9,269.2,97.9,214.7,113.2,226.7,310.1,371.8,186,595.3,117.7,85.1,185.2,149.3,122,138.8,142.2,284.4,32.9,131,202.6,339.2,301.4,145.3,441.3,421.2,175.6,949.2,1157.9,540,88.9,103.1,294.9,703.2,334.3,171.9,348.2,102.5,189.1,237.9,1305.2,149.4,114.9,121.7,89.7,124.6,150.6,213.1,398.3,359.9,232.8,251.2,89.7,357.9,111.2,363.7,212.5,90.5,130.7,210.2,209.2,280.4,682.7,261.4,91.5,193.3,167.9,141.1,252.2,527.5,286.7,201.7,696.3,565.7,237.2,186.5,248.1,1022.8,537.1,811.6,313.9,521.5,207.1,173.6,716.5,414.4,497.3,567.3,404.8,871.7,455,223.5,667.5,407.6,428.5,629.9,560.1,434.1,371.8,330.7,166.8,502.6,232.1,771.7,929.1,350.1,70.4,604.7,460.1,973.4,470.5,494.7,422.4,331.7,516.5,470.4,368.1,503.4,321.3,356.4,262.5,1026.7,489.7,334.5,459.2,629,266.6,595.2,618.9,92,270.7,213.6,109,677.8,186.4,378.3,170.1,138.5,139,655.8,127.6,145.2,109,85.9,124.7,44.9,123.7,102.9,144.9,27.6,69.8,22.5,297.1,55.4,313.5,551.8,621.1,235,400.3,335.9,371.4,405.8,456.9,693,1659.4,149.1,916.8,77.5,114.7,616.3,759,252.9,100,980.2,207.3,90.2,86.2,2873.9,213.4,353.4,321.5,284.3,261.3,251.4,86.5,344.9,103.3,179.8,338.4,212,33.5,414.2,93.1,66,96.5,502.8,219.7,489.1,23.3,221.4,122.1,181.6,102.7,15.9,21.9,60.3,38.1,101.6,54.5,40.7,81.2,27,237.6,124.3,15.7,26.9,260.9,73.2,78.5,452.9,17,34.1,30.4,28.2,16.4,130.7,74.6,42.8,63.9,11.2,69.3,122.4,80.9,46.3,83.3,81.7,598.9,137,38.2,241.1,270.7,255.4,210.5,541.2,138.9,218.7,140.2,70.1,87.2,127.7,78.9,214.5,663.6,145.7,430.5,204.2,733.5,240.5,584.3,141.8,220,86.5,98.9,61.8,158.4,76.8,424,473.9,47.8,83.9,496.8,23.9,265.5,132.5,61.6,63.6,76,102.1,440.3,479.8,113.2,114.9,281.8,473.9,873.3,211,388.7,106,253.1,134.4,423.1,212.4,129.7,158.6,167.5,261.5,269.8,173.2,418.2,217.1,358.9,200.7,542.7,477.7,106,145.9,110.1,552.9,77.4,230.1,115.4,201.1,178.4,216.1,218.4,155.8,127.8,93.7,217.4,50,384.1,111.8,317.2,135.2,61.1,59,60.2,107.8,52,47.9,78.8,73.4,191.8,142.3,95.8,48.8,72.5,118.3,119.2,58.6,140.5,65.2,202.3,66.5,111.2,58.7,113.1,123.5,149,149.4,148.5,68.7,65.5,89.6,91.2,86.6,179.9,41.6,76.2,100.6,84.2,39.7,82.8,68.2,84.2,89.2,100.3,71.3,88.3,23.4,92.9,71.2,70.6,125.6,27.7,41.2,32,22.2,20.7,46,51.4,41.6,77.4,74.2,22.3,121.3,48.6,31.4,42.5,9.2,37.1,11.3,27.9,66,37.6,26.6,18.9,32,32.1,13.4,8.6,27.2,69.6,44.3,29.1,47.5,86,24.6,57.7,20.5,86.3,13.9,4.3,20,9,11.7,7.1,12.1,2.7,20.2,5.6,2.8,14.4,1.4,6.3,30.7,na,na,na,na,na,na,na,na,na,na,na,na,na,na,na,na,na,na,na,na,na,na,na,na,na,na,na,na,na,na,na,na,na,na,na,na,na,na,na,na,na,na,na,na,na,na,na,na,na,na,na,na,na,na,na,na,na,na,na,na
  Institutional & Others,21.6,15.7,18.4,26.4,43.6,51.2,26.3,578.3,90.6,6.5,64.4,24,40.2,100.6,158.1,184.7,45.1,47.5,10.8,24.2,64.9,38.5,39.2,40,76.4,102.7,230,317.9,30,28,47.1,60.7,26.3,9.2,41.7,6.2,14.1,480.1,163.3,58.1,58.4,337.8,43.3,169.9,671.2,192,13.1,171.8,49.3,79,49.5,132.7,20.4,35,119.3,82.4,110.9,57,63.9,60.5,33.1,41.1,46.4,133.2,50.6,629.4,42.3,239.3,13.1,33.1,36.3,37.8,42.1,95.9,65.4,25.3,16.5,14.2,131.2,23.2,37.7,31.3,9.4,20.9,20.4,9.4,114.4,74.1,67.2,78.2,43.6,26.7,41.3,130.6,147.2,88.3,123.3,118.1,470.4,216.4,138.7,196,96.3,19.2,78,78.3,91.8,34.6,55.1,51,71.2,49.4,77.8,1187.4,91.4,52.3,263,298.2,40.6,13.4,61,54.5,29.2,21.7,19.2,117.4,207.6,97,117.4,71.3,143.2,30.7,29.8,31.4,172,44,21.1,73.1,15.5,12.6,19.6,112.5,15.7,39.5,85.8,127.8,64.9,72.7,50.2,21,48.8,35.7,122.8,25.4,1664,42.3,38,533.7,126.8,28.4,51.2,10.4,22.6,32.4,55.9,27.1,33.1,94.9,30.6,129.5,7.6,35.2,14.4,14.2,17,2.6,46,196.7,295.1,77.4,78,23.3,32,85.2,41.1,21.6,2.1,53.8,8.9,32.7,4.2,80,27.7,118.3,13.1,16.1,11.7,35.3,46.3,14.4,45.1,13.7,14.5,64.5,58,26.2,75.6,42,15.3,40.8,105,50.2,24.1,5,23.7,20,21.7,67,107.8,61.8,18.4,6.8,47.2,12.6,13.3,26.5,2.6,51.6,94.6,10.9,4,40.5,11.1,10.5,14.1,39.5,245.7,95.7,35,6.4,71,108.2,32,20.6,19.8,48.6,12.9,6.5,69.3,12.5,6.8,35.8,13.1,60.9,37.2,80.6,42,33.5,27.9,39.2,42.7,60.8,36.2,34.2,16.9,84.5,57,54.6,50.3,23.8,49.1,23.9,59.5,60.4,105.2,17.4,36.3,53.9,96.6,17,64.6,21.2,63.1,31.1,23.1,93.6,70.3,71.4,34.7,42.9,7.9,26.8,66,45.8,12.3,11.3,15.9,9.7,10.9,33.8,67.2,43.4,27.2,30.4,18.2,37.4,50.1,29.9,128,29.6,45.4,32,45.2,10.9,42.8,65.6,29.2,102.5,35.8,41,25.6,37.5,41.9,35.4,24.4,32.7,44,4.7,13.4,21.5,38.1,20,13,1.8,103.3,24,19.5,15.3,31.1,7.5,5.9,45.8,12.2,7.1,98.3,9.6,6.9,24.5,18.1,6.5,18.1,55,13,41.8,23.5,55.8,3.5,7.9,8.5,34.6,6.4,91.7,12.2,11,38.2,3,22.6,25.3,4.2,2.6,12.7,14.5,11.3,14.5,10.9,12.2,4,6,11.9,5.8,6.4,10.5,12.3,8.3,16.3,9.4,13,5.9,8.8,10,3,37.7,76.5,9.1,30.3,2.5,36,42.9,68.1,5,11.1,15,12.2,4.6,3.3,96.4,5.7,4.8,7,3.5,18.2,2.1,11.2,12.8,3.4,0.2,6.6,23.5,9.7,3.8,5.4,8.5,8.6,3.9,0.7,1.5,6.3,12.1,4,11.9,3.9,4,1.8,1.3,11.9,0.8,0.6,30.6,2.8,8.2,9,3.2,5.9,4.6,1.2,3,0.7,6.3,4.7,2.1,na,na,na,na,na,na,na,na,na,na,na,na,na,na,na,na,na,na,na,na,na,na,na,na,na,na,na,na,na,na,na,na,na,na,na,na,na,na,na,na,na,na,na,na,na,na,na,na,na,na,na,na,na,na,na,na,na,na,na,na
  Civil Engineering,1.7,8.6,0,9.3,18.1,70.7,25.8,1,62.1,248.6,73.5,684.5,334.3,101,0,4,48,48.6,3,23.3,0.9,6.8,29.9,52.2,74.9,38.5,54.4,26.7,139.8,2.4,8.2,1.6,120.8,249.9,42.2,89.3,9.8,1.5,149.8,127.1,10.1,0.5,0.7,86.4,11.9,193.4,11.6,25,91.2,203.4,118,420.9,97.2,8.8,44.4,9.6,0.3,30.9,7.9,44.4,33.6,44.1,9.4,0.8,3.2,13,444.8,26.9,1.3,90,35.9,89.5,147.7,19.9,43.7,153.2,2.2,2.6,51.6,21,14.5,8.4,1123.8,62.5,14.4,39.1,33.9,17.5,54.3,28.8,42.2,20.6,1136.6,48.7,36.4,68.2,46.4,25.4,43.6,58.3,101,34.6,55.9,114.8,48.5,204.1,130.5,246,85.2,95.6,43,153.4,18.5,240.8,87.4,149.4,389.2,116.6,37.4,120.5,3.4,206.5,108.8,9.9,16.2,181.7,117.4,26,226.5,1656.8,148.3,51.8,87.9,27.6,178.4,38.9,63,65.3,49.5,40.7,133.3,16.2,61.6,65.2,14.9,37.9,25.9,29.8,11.2,121.8,22.2,141,13.4,41.5,47.5,253.4,48.9,35.7,160.4,20.8,9.6,39.9,55,12.5,90.9,76,214.1,98.7,29.1,61.1,5.7,71.6,66,10.8,43.5,14.9,33.4,97.1,22.3,9.4,14.3,186.7,119,204.5,38.7,114.7,47.7,217,55,132,47.3,24.9,21.8,146.1,41.7,67.6,80.2,22.4,74.9,53.5,56.4,59.6,85,171.5,56.4,36.9,37,7,42.2,103.4,21.3,21.7,25.9,42.8,68.2,161.4,40.8,107.1,12.4,145.9,12.7,60.1,190.5,14.6,97.3,34.1,19.3,66,20,56.2,46.3,208.5,11.9,5,4.6,2.4,3.1,14.8,6.2,23.2,5.8,8.5,68.5,11.6,15.8,2.5,15.3,9.8,6.1,10.9,9.9,57.4,10.2,10.5,13.9,5.5,1.9,25.9,1.3,3.3,21.8,12.3,10.2,20.4,6.3,12.8,86,41.3,10.4,5.8,17.7,25.2,69.4,18.5,79.4,37.2,15.2,18.1,15.7,28.3,95.5,85.4,48.6,21.7,26.3,13.9,17.7,35.7,198.2,251.8,30.3,66.1,6.4,22.6,26.5,24.4,33.7,30.5,37.5,14.9,11.8,22.8,24.8,11.8,6,5.3,11,3.4,12.5,6.5,5.9,5.9,41,7.4,9.3,11.6,12.6,2.2,2.3,13.3,27.3,10.7,15.2,11,24.6,7.5,135.4,2.6,6.7,12.2,46.8,1.8,23.2,34.1,3.7,6.2,2.5,31.4,14.8,40.7,24.8,128.6,2.1,4.2,9.1,8,8.1,1.9,5.6,11.5,1.1,83.5,3,1,32.7,2.7,4.2,5.3,0.8,8,1,0.6,1.5,1.2,1.2,5,1.1,1.6,3.2,1.6,2.9,1.9,10.8,3.6,46.9,5.3,0.1,0,0,0,0.6,0,2.1,0,0,0,2.8,6.5,0.6,2.2,3.2,0.1,0.5,0,10.7,0.3,13.9,1,0.1,0,27.8,4.8,0,0,8.9,0.1,0,13.5,7.2,0,1.6,0,0,3.4,0,0,0,0,0,1,4.2,0,126,4.1,0.1,1.2,1.8,1.1,0,0.5,1.7,0.2,0.4,0.1,0.1,2.1,0.3,0.6,0.6,0.4,0.1,0.1,0.1,0.9,1,0.3,0.2,0,0.4,0,na,na,na,na,na,na,na,na,na,na,na,na,na,na,na,na,na,na,na,na,na,na,na,na,na,na,na,na,na,na,na,na,na,na,na,na,na,na,na,na,na,na,na,na,na,na,na,na,na,na,na,na,na,na,na,na,na,na,na,na
,,,,,,,,,,,,,,,,,,,,,,,,,,,,,,,,,,,,,,,,,,,,,,,,,,,,,,,,,,,,,,,,,,,,,,,,,,,,,,,,,,,,,,,,,,,,,,,,,,,,,,,,,,,,,,,,,,,,,,,,,,,,,,,,,,,,,,,,,,,,,,,,,,,,,,,,,,,,,,,,,,,,,,,,,,,,,,,,,,,,,,,,,,,,,,,,,,,,,,,,,,,,,,,,,,,,,,,,,,,,,,,,,,,,,,,,,,,,,,,,,,,,,,,,,,,,,,,,,,,,,,,,,,,,,,,,,,,,,,,,,,,,,,,,,,,,,,,,,,,,,,,,,,,,,,,,,,,,,,,,,,,,,,,,,,,,,,,,,,,,,,,,,,,,,,,,,,,,,,,,,,,,,,,,,,,,,,,,,,,,,,,,,,,,,,,,,,,,,,,,,,,,,,,,,,,,,,,,,,,,,,,,,,,,,,,,,,,,,,,,,,,,,,,,,,,,,,,,,,,,,,,,,,,,,,,,,,,,,,,,,,,,,,,,,,,,,,,,,,,,,,,,,,,,,,
Footnotes:,,,,,,,,,,,,,,,,,,,,,,,,,,,,,,,,,,,,,,,,,,,,,,,,,,,,,,,,,,,,,,,,,,,,,,,,,,,,,,,,,,,,,,,,,,,,,,,,,,,,,,,,,,,,,,,,,,,,,,,,,,,,,,,,,,,,,,,,,,,,,,,,,,,,,,,,,,,,,,,,,,,,,,,,,,,,,,,,,,,,,,,,,,,,,,,,,,,,,,,,,,,,,,,,,,,,,,,,,,,,,,,,,,,,,,,,,,,,,,,,,,,,,,,,,,,,,,,,,,,,,,,,,,,,,,,,,,,,,,,,,,,,,,,,,,,,,,,,,,,,,,,,,,,,,,,,,,,,,,,,,,,,,,,,,,,,,,,,,,,,,,,,,,,,,,,,,,,,,,,,,,,,,,,,,,,,,,,,,,,,,,,,,,,,,,,,,,,,,,,,,,,,,,,,,,,,,,,,,,,,,,,,,,,,,,,,,,,,,,,,,,,,,,,,,,,,,,,,,,,,,,,,,,,,,,,,,,,,,,,,,,,,,,,,,,,,,,,,,,,,,,,,,,,,,,
Data prior to 1995 are obtained from the Urban Redevelopment Authority.  Data from 1995 and beyond are obtained from the Building and Construction Authority.  Data prior to 2002 include reclamation works.  Data from 2002 exclude reclamation works.,,,,,,,,,,,,,,,,,,,,,,,,,,,,,,,,,,,,,,,,,,,,,,,,,,,,,,,,,,,,,,,,,,,,,,,,,,,,,,,,,,,,,,,,,,,,,,,,,,,,,,,,,,,,,,,,,,,,,,,,,,,,,,,,,,,,,,,,,,,,,,,,,,,,,,,,,,,,,,,,,,,,,,,,,,,,,,,,,,,,,,,,,,,,,,,,,,,,,,,,,,,,,,,,,,,,,,,,,,,,,,,,,,,,,,,,,,,,,,,,,,,,,,,,,,,,,,,,,,,,,,,,,,,,,,,,,,,,,,,,,,,,,,,,,,,,,,,,,,,,,,,,,,,,,,,,,,,,,,,,,,,,,,,,,,,,,,,,,,,,,,,,,,,,,,,,,,,,,,,,,,,,,,,,,,,,,,,,,,,,,,,,,,,,,,,,,,,,,,,,,,,,,,,,,,,,,,,,,,,,,,,,,,,,,,,,,,,,,,,,,,,,,,,,,,,,,,,,,,,,,,,,,,,,,,,,,,,,,,,,,,,,,,,,,,,,,,,,,,,,,,,,,,,,,,
,,,,,,,,,,,,,,,,,,,,,,,,,,,,,,,,,,,,,,,,,,,,,,,,,,,,,,,,,,,,,,,,,,,,,,,,,,,,,,,,,,,,,,,,,,,,,,,,,,,,,,,,,,,,,,,,,,,,,,,,,,,,,,,,,,,,,,,,,,,,,,,,,,,,,,,,,,,,,,,,,,,,,,,,,,,,,,,,,,,,,,,,,,,,,,,,,,,,,,,,,,,,,,,,,,,,,,,,,,,,,,,,,,,,,,,,,,,,,,,,,,,,,,,,,,,,,,,,,,,,,,,,,,,,,,,,,,,,,,,,,,,,,,,,,,,,,,,,,,,,,,,,,,,,,,,,,,,,,,,,,,,,,,,,,,,,,,,,,,,,,,,,,,,,,,,,,,,,,,,,,,,,,,,,,,,,,,,,,,,,,,,,,,,,,,,,,,,,,,,,,,,,,,,,,,,,,,,,,,,,,,,,,,,,,,,,,,,,,,,,,,,,,,,,,,,,,,,,,,,,,,,,,,,,,,,,,,,,,,,,,,,,,,,,,,,,,,,,,,,,,,,,,,,,,,
Notation:,,,,,,,,,,,,,,,,,,,,,,,,,,,,,,,,,,,,,,,,,,,,,,,,,,,,,,,,,,,,,,,,,,,,,,,,,,,,,,,,,,,,,,,,,,,,,,,,,,,,,,,,,,,,,,,,,,,,,,,,,,,,,,,,,,,,,,,,,,,,,,,,,,,,,,,,,,,,,,,,,,,,,,,,,,,,,,,,,,,,,,,,,,,,,,,,,,,,,,,,,,,,,,,,,,,,,,,,,,,,,,,,,,,,,,,,,,,,,,,,,,,,,,,,,,,,,,,,,,,,,,,,,,,,,,,,,,,,,,,,,,,,,,,,,,,,,,,,,,,,,,,,,,,,,,,,,,,,,,,,,,,,,,,,,,,,,,,,,,,,,,,,,,,,,,,,,,,,,,,,,,,,,,,,,,,,,,,,,,,,,,,,,,,,,,,,,,,,,,,,,,,,,,,,,,,,,,,,,,,,,,,,,,,,,,,,,,,,,,,,,,,,,,,,,,,,,,,,,,,,,,,,,,,,,,,,,,,,,,,,,,,,,,,,,,,,,,,,,,,,,,,,,,,,,,
na   not available or not applicable,,,,,,,,,,,,,,,,,,,,,,,,,,,,,,,,,,,,,,,,,,,,,,,,,,,,,,,,,,,,,,,,,,,,,,,,,,,,,,,,,,,,,,,,,,,,,,,,,,,,,,,,,,,,,,,,,,,,,,,,,,,,,,,,,,,,,,,,,,,,,,,,,,,,,,,,,,,,,,,,,,,,,,,,,,,,,,,,,,,,,,,,,,,,,,,,,,,,,,,,,,,,,,,,,,,,,,,,,,,,,,,,,,,,,,,,,,,,,,,,,,,,,,,,,,,,,,,,,,,,,,,,,,,,,,,,,,,,,,,,,,,,,,,,,,,,,,,,,,,,,,,,,,,,,,,,,,,,,,,,,,,,,,,,,,,,,,,,,,,,,,,,,,,,,,,,,,,,,,,,,,,,,,,,,,,,,,,,,,,,,,,,,,,,,,,,,,,,,,,,,,,,,,,,,,,,,,,,,,,,,,,,,,,,,,,,,,,,,,,,,,,,,,,,,,,,,,,,,,,,,,,,,,,,,,,,,,,,,,,,,,,,,,,,,,,,,,,,,,,,,,,,,,,,,,
nec  not elsewhere classified,,,,,,,,,,,,,,,,,,,,,,,,,,,,,,,,,,,,,,,,,,,,,,,,,,,,,,,,,,,,,,,,,,,,,,,,,,,,,,,,,,,,,,,,,,,,,,,,,,,,,,,,,,,,,,,,,,,,,,,,,,,,,,,,,,,,,,,,,,,,,,,,,,,,,,,,,,,,,,,,,,,,,,,,,,,,,,,,,,,,,,,,,,,,,,,,,,,,,,,,,,,,,,,,,,,,,,,,,,,,,,,,,,,,,,,,,,,,,,,,,,,,,,,,,,,,,,,,,,,,,,,,,,,,,,,,,,,,,,,,,,,,,,,,,,,,,,,,,,,,,,,,,,,,,,,,,,,,,,,,,,,,,,,,,,,,,,,,,,,,,,,,,,,,,,,,,,,,,,,,,,,,,,,,,,,,,,,,,,,,,,,,,,,,,,,,,,,,,,,,,,,,,,,,,,,,,,,,,,,,,,,,,,,,,,,,,,,,,,,,,,,,,,,,,,,,,,,,,,,,,,,,,,,,,,,,,,,,,,,,,,,,,,,,,,,,,,,,,,,,,,,,,,,,,,
nes  not elsewhere specified,,,,,,,,,,,,,,,,,,,,,,,,,,,,,,,,,,,,,,,,,,,,,,,,,,,,,,,,,,,,,,,,,,,,,,,,,,,,,,,,,,,,,,,,,,,,,,,,,,,,,,,,,,,,,,,,,,,,,,,,,,,,,,,,,,,,,,,,,,,,,,,,,,,,,,,,,,,,,,,,,,,,,,,,,,,,,,,,,,,,,,,,,,,,,,,,,,,,,,,,,,,,,,,,,,,,,,,,,,,,,,,,,,,,,,,,,,,,,,,,,,,,,,,,,,,,,,,,,,,,,,,,,,,,,,,,,,,,,,,,,,,,,,,,,,,,,,,,,,,,,,,,,,,,,,,,,,,,,,,,,,,,,,,,,,,,,,,,,,,,,,,,,,,,,,,,,,,,,,,,,,,,,,,,,,,,,,,,,,,,,,,,,,,,,,,,,,,,,,,,,,,,,,,,,,,,,,,,,,,,,,,,,,,,,,,,,,,,,,,,,,,,,,,,,,,,,,,,,,,,,,,,,,,,,,,,,,,,,,,,,,,,,,,,,,,,,,,,,,,,,,,,,,,,,,
 -     nil or negligible or not significant,,,,,,,,,,,,,,,,,,,,,,,,,,,,,,,,,,,,,,,,,,,,,,,,,,,,,,,,,,,,,,,,,,,,,,,,,,,,,,,,,,,,,,,,,,,,,,,,,,,,,,,,,,,,,,,,,,,,,,,,,,,,,,,,,,,,,,,,,,,,,,,,,,,,,,,,,,,,,,,,,,,,,,,,,,,,,,,,,,,,,,,,,,,,,,,,,,,,,,,,,,,,,,,,,,,,,,,,,,,,,,,,,,,,,,,,,,,,,,,,,,,,,,,,,,,,,,,,,,,,,,,,,,,,,,,,,,,,,,,,,,,,,,,,,,,,,,,,,,,,,,,,,,,,,,,,,,,,,,,,,,,,,,,,,,,,,,,,,,,,,,,,,,,,,,,,,,,,,,,,,,,,,,,,,,,,,,,,,,,,,,,,,,,,,,,,,,,,,,,,,,,,,,,,,,,,,,,,,,,,,,,,,,,,,,,,,,,,,,,,,,,,,,,,,,,,,,,,,,,,,,,,,,,,,,,,,,,,,,,,,,,,,,,,,,,,,,,,,,,,,,,,,,,,,,
Notes,,,,,,,,,,,,,,,,,,,,,,,,,,,,,,,,,,,,,,,,,,,,,,,,,,,,,,,,,,,,,,,,,,,,,,,,,,,,,,,,,,,,,,,,,,,,,,,,,,,,,,,,,,,,,,,,,,,,,,,,,,,,,,,,,,,,,,,,,,,,,,,,,,,,,,,,,,,,,,,,,,,,,,,,,,,,,,,,,,,,,,,,,,,,,,,,,,,,,,,,,,,,,,,,,,,,,,,,,,,,,,,,,,,,,,,,,,,,,,,,,,,,,,,,,,,,,,,,,,,,,,,,,,,,,,,,,,,,,,,,,,,,,,,,,,,,,,,,,,,,,,,,,,,,,,,,,,,,,,,,,,,,,,,,,,,,,,,,,,,,,,,,,,,,,,,,,,,,,,,,,,,,,,,,,,,,,,,,,,,,,,,,,,,,,,,,,,,,,,,,,,,,,,,,,,,,,,,,,,,,,,,,,,,,,,,,,,,,,,,,,,,,,,,,,,,,,,,,,,,,,,,,,,,,,,,,,,,,,,,,,,,,,,,,,,,,,,,,,,,,,,,,,,,,,,
Numbers may not add up to the totals due to rounding.,,,,,,,,,,,,,,,,,,,,,,,,,,,,,,,,,,,,,,,,,,,,,,,,,,,,,,,,,,,,,,,,,,,,,,,,,,,,,,,,,,,,,,,,,,,,,,,,,,,,,,,,,,,,,,,,,,,,,,,,,,,,,,,,,,,,,,,,,,,,,,,,,,,,,,,,,,,,,,,,,,,,,,,,,,,,,,,,,,,,,,,,,,,,,,,,,,,,,,,,,,,,,,,,,,,,,,,,,,,,,,,,,,,,,,,,,,,,,,,,,,,,,,,,,,,,,,,,,,,,,,,,,,,,,,,,,,,,,,,,,,,,,,,,,,,,,,,,,,,,,,,,,,,,,,,,,,,,,,,,,,,,,,,,,,,,,,,,,,,,,,,,,,,,,,,,,,,,,,,,,,,,,,,,,,,,,,,,,,,,,,,,,,,,,,,,,,,,,,,,,,,,,,,,,,,,,,,,,,,,,,,,,,,,,,,,,,,,,,,,,,,,,,,,,,,,,,,,,,,,,,,,,,,,,,,,,,,,,,,,,,,,,,,,,,,,,,,,,,,,,,,,,,,,,,
"Data are the latest available at the time of access or download. Some statistics, particularly those for the most recent time periods, are provisional and may be subject to revision at a later date.",,,,,,,,,,,,,,,,,,,,,,,,,,,,,,,,,,,,,,,,,,,,,,,,,,,,,,,,,,,,,,,,,,,,,,,,,,,,,,,,,,,,,,,,,,,,,,,,,,,,,,,,,,,,,,,,,,,,,,,,,,,,,,,,,,,,,,,,,,,,,,,,,,,,,,,,,,,,,,,,,,,,,,,,,,,,,,,,,,,,,,,,,,,,,,,,,,,,,,,,,,,,,,,,,,,,,,,,,,,,,,,,,,,,,,,,,,,,,,,,,,,,,,,,,,,,,,,,,,,,,,,,,,,,,,,,,,,,,,,,,,,,,,,,,,,,,,,,,,,,,,,,,,,,,,,,,,,,,,,,,,,,,,,,,,,,,,,,,,,,,,,,,,,,,,,,,,,,,,,,,,,,,,,,,,,,,,,,,,,,,,,,,,,,,,,,,,,,,,,,,,,,,,,,,,,,,,,,,,,,,,,,,,,,,,,,,,,,,,,,,,,,,,,,,,,,,,,,,,,,,,,,,,,,,,,,,,,,,,,,,,,,,,,,,,,,,,,,,,,,,,,,,,,,,,
Values are shown in Singapore dollars (unless otherwise specified).,,,,,,,,,,,,,,,,,,,,,,,,,,,,,,,,,,,,,,,,,,,,,,,,,,,,,,,,,,,,,,,,,,,,,,,,,,,,,,,,,,,,,,,,,,,,,,,,,,,,,,,,,,,,,,,,,,,,,,,,,,,,,,,,,,,,,,,,,,,,,,,,,,,,,,,,,,,,,,,,,,,,,,,,,,,,,,,,,,,,,,,,,,,,,,,,,,,,,,,,,,,,,,,,,,,,,,,,,,,,,,,,,,,,,,,,,,,,,,,,,,,,,,,,,,,,,,,,,,,,,,,,,,,,,,,,,,,,,,,,,,,,,,,,,,,,,,,,,,,,,,,,,,,,,,,,,,,,,,,,,,,,,,,,,,,,,,,,,,,,,,,,,,,,,,,,,,,,,,,,,,,,,,,,,,,,,,,,,,,,,,,,,,,,,,,,,,,,,,,,,,,,,,,,,,,,,,,,,,,,,,,,,,,,,,,,,,,,,,,,,,,,,,,,,,,,,,,,,,,,,,,,,,,,,,,,,,,,,,,,,,,,,,,,,,,,,,,,,,,,,,,,,,,,,,
,,,,,,,,,,,,,,,,,,,,,,,,,,,,,,,,,,,,,,,,,,,,,,,,,,,,,,,,,,,,,,,,,,,,,,,,,,,,,,,,,,,,,,,,,,,,,,,,,,,,,,,,,,,,,,,,,,,,,,,,,,,,,,,,,,,,,,,,,,,,,,,,,,,,,,,,,,,,,,,,,,,,,,,,,,,,,,,,,,,,,,,,,,,,,,,,,,,,,,,,,,,,,,,,,,,,,,,,,,,,,,,,,,,,,,,,,,,,,,,,,,,,,,,,,,,,,,,,,,,,,,,,,,,,,,,,,,,,,,,,,,,,,,,,,,,,,,,,,,,,,,,,,,,,,,,,,,,,,,,,,,,,,,,,,,,,,,,,,,,,,,,,,,,,,,,,,,,,,,,,,,,,,,,,,,,,,,,,,,,,,,,,,,,,,,,,,,,,,,,,,,,,,,,,,,,,,,,,,,,,,,,,,,,,,,,,,,,,,,,,,,,,,,,,,,,,,,,,,,,,,,,,,,,,,,,,,,,,,,,,,,,,,,,,,,,,,,,,,,,,,,,,,,,,,,
Generated by: SingStat Table Builder,,,,,,,,,,,,,,,,,,,,,,,,,,,,,,,,,,,,,,,,,,,,,,,,,,,,,,,,,,,,,,,,,,,,,,,,,,,,,,,,,,,,,,,,,,,,,,,,,,,,,,,,,,,,,,,,,,,,,,,,,,,,,,,,,,,,,,,,,,,,,,,,,,,,,,,,,,,,,,,,,,,,,,,,,,,,,,,,,,,,,,,,,,,,,,,,,,,,,,,,,,,,,,,,,,,,,,,,,,,,,,,,,,,,,,,,,,,,,,,,,,,,,,,,,,,,,,,,,,,,,,,,,,,,,,,,,,,,,,,,,,,,,,,,,,,,,,,,,,,,,,,,,,,,,,,,,,,,,,,,,,,,,,,,,,,,,,,,,,,,,,,,,,,,,,,,,,,,,,,,,,,,,,,,,,,,,,,,,,,,,,,,,,,,,,,,,,,,,,,,,,,,,,,,,,,,,,,,,,,,,,,,,,,,,,,,,,,,,,,,,,,,,,,,,,,,,,,,,,,,,,,,,,,,,,,,,,,,,,,,,,,,,,,,,,,,,,,,,,,,,,,,,,,,,,
Date generated: 15/08/2023,,,,,,,,,,,,,,,,,,,,,,,,,,,,,,,,,,,,,,,,,,,,,,,,,,,,,,,,,,,,,,,,,,,,,,,,,,,,,,,,,,,,,,,,,,,,,,,,,,,,,,,,,,,,,,,,,,,,,,,,,,,,,,,,,,,,,,,,,,,,,,,,,,,,,,,,,,,,,,,,,,,,,,,,,,,,,,,,,,,,,,,,,,,,,,,,,,,,,,,,,,,,,,,,,,,,,,,,,,,,,,,,,,,,,,,,,,,,,,,,,,,,,,,,,,,,,,,,,,,,,,,,,,,,,,,,,,,,,,,,,,,,,,,,,,,,,,,,,,,,,,,,,,,,,,,,,,,,,,,,,,,,,,,,,,,,,,,,,,,,,,,,,,,,,,,,,,,,,,,,,,,,,,,,,,,,,,,,,,,,,,,,,,,,,,,,,,,,,,,,,,,,,,,,,,,,,,,,,,,,,,,,,,,,,,,,,,,,,,,,,,,,,,,,,,,,,,,,,,,,,,,,,,,,,,,,,,,,,,,,,,,,,,,,,,,,,,,,,,,,,,,,,,,,,,
Contact: info@singstat.gov.sg,,,,,,,,,,,,,,,,,,,,,,,,,,,,,,,,,,,,,,,,,,,,,,,,,,,,,,,,,,,,,,,,,,,,,,,,,,,,,,,,,,,,,,,,,,,,,,,,,,,,,,,,,,,,,,,,,,,,,,,,,,,,,,,,,,,,,,,,,,,,,,,,,,,,,,,,,,,,,,,,,,,,,,,,,,,,,,,,,,,,,,,,,,,,,,,,,,,,,,,,,,,,,,,,,,,,,,,,,,,,,,,,,,,,,,,,,,,,,,,,,,,,,,,,,,,,,,,,,,,,,,,,,,,,,,,,,,,,,,,,,,,,,,,,,,,,,,,,,,,,,,,,,,,,,,,,,,,,,,,,,,,,,,,,,,,,,,,,,,,,,,,,,,,,,,,,,,,,,,,,,,,,,,,,,,,,,,,,,,,,,,,,,,,,,,,,,,,,,,,,,,,,,,,,,,,,,,,,,,,,,,,,,,,,,,,,,,,,,,,,,,,,,,,,,,,,,,,,,,,,,,,,,,,,,,,,,,,,,,,,,,,,,,,,,,,,,,,,,,,,,,,,,,,,,,