end,dengue haemorrhagic fever,chikungunya fever,zika virus infection,dengue_fever_gt,insect_repellent_gt,weekly mean rainfall (mm),highest 30 min rainfall(mm),highest 60 min rainfall (mm),highest 120 min rainfall (mm),mean temperature,maximum temperature,minimum temperature
2012-01-21,0.125,0.02040816326530612,0.0,0.0,0.0,7.428571428571429,26.2,26.2,26.2,25.914285714285715,30.9,23.8
2012-01-28,0.25,0.0,0.0,0.0,0.0,3.4857142857142853,26.2,26.2,26.2,26.97142857142857,32.5,22.1
2012-02-04,0.125,0.0,0.0,0.0,0.79,1.3714285714285714,26.2,26.2,26.2,26.557142857142857,31.6,23.5
2012-02-11,0.0,0.0,0.0,0.33,0.0,8.32857142857143,26.2,26.2,26.2,26.414285714285715,31.6,21.5
2012-02-18,0.0,0.0,0.0,0.0,0.0,0.0,38.4,38.4,38.4,27.414285714285715,32.3,24.4
2012-02-25,0.125,0.02040816326530612,0.0,0.0,0.0,5.685714285714285,38.4,38.4,38.4,26.957142857142856,31.9,23.0
2012-03-03,0.0,0.02040816326530612,0.0,0.0,0.0,0.3714285714285714,38.4,38.4,38.4,27.428571428571427,32.6,22.7
2012-03-10,0.125,0.04081632653061224,0.0,0.0,0.0,3.8285714285714287,38.4,38.4,38.4,27.142857142857142,33.2,23.8
2012-03-17,0.0,0.0,0.0,0.0,0.72,6.057142857142857,92.3,92.3,92.3,27.11428571428572,32.4,21.1
2012-03-24,0.125,0.0,0.0,0.0,0.43,16.02857142857143,92.3,92.3,92.3,26.61428571428572,32.1,22.7
2012-03-31,0.0,0.0,0.0,0.0,0.0,4.314285714285715,92.3,92.3,92.3,27.428571428571427,32.4,23.6
2012-04-07,0.0,0.0,0.0,0.0,0.75,14.628571428571428,92.3,92.3,92.3,27.057142857142857,32.8,22.9
2012-04-14,0.125,0.02040816326530612,0.0,0.0,0.0,7.971428571428571,48.4,48.4,48.4,27.342857142857145,32.3,21.9
2012-04-21,0.0,0.02040816326530612,0.0,0.0,0.0,15.142857142857142,48.4,48.4,48.4,27.285714285714285,31.9,23.3
2012-04-28,0.0,0.0,0.0,1.0,0.4,12.485714285714286,48.4,48.4,48.4,27.442857142857143,32.7,23.7
2012-05-05,0.25,0.0,0.0,0.0,0.0,1.2857142857142858,48.4,48.4,48.4,28.15714285714285,32.9,23.9
2012-05-12,0.125,0.02040816326530612,0.0,0.0,0.0,12.114285714285714,48.4,48.4,48.4,28.0,32.5,22.0
2012-05-19,0.0,0.0,0.0,0.0,0.0,11.771428571428572,79.2,79.2,79.2,27.714285714285715,33.7,22.1
2012-05-26,0.0,0.0,0.0,0.0,0.36,6.628571428571428,79.2,79.2,79.2,28.542857142857144,33.7,22.9
2012-06-02,0.0,0.0,0.0,0.0,0.0,6.6000000000000005,79.2,79.2,79.2,28.571428571428573,32.1,23.5
2012-06-09,0.125,0.0,0.0,0.0,0.0,4.971428571428571,79.2,79.2,79.2,28.0,32.3,22.8
2012-06-16,0.125,0.0,0.0,0.47000000000000003,0.0,5.971428571428572,38.2,38.2,38.2,28.457142857142856,32.7,22.8
2012-06-23,0.125,0.0,0.0,0.0,0.0,0.0,38.2,38.2,38.2,29.142857142857142,32.5,25.6
2012-06-30,0.0,0.0,0.0,0.0,0.0,0.1428571428571428,38.2,38.2,38.2,28.87142857142857,32.6,25.5
2012-07-07,0.0,0.0,0.0,0.0,0.0,1.4285714285714286,38.2,38.2,38.2,28.6,32.5,24.9
2012-07-14,0.125,0.0,0.0,0.0,0.67,9.6,35.4,35.4,35.4,27.428571428571427,31.6,22.9
2012-07-21,0.125,0.0,0.0,0.0,0.0,5.0,35.4,35.4,35.4,27.4,31.0,23.4
2012-07-28,0.0,0.0,0.0,0.0,0.0,4.057142857142858,35.4,35.4,35.4,27.17142857142857,31.3,23.8
2012-08-04,0.0,0.0,0.0,0.0,0.35000000000000003,0.0,35.4,35.4,35.4,28.61428571428572,32.1,25.4
2012-08-11,0.0,0.0,0.0,0.4,0.0,3.2,35.4,35.4,35.4,28.24285714285714,31.5,23.1
2012-08-18,0.0,0.0,0.0,0.0,0.0,0.1999999999999999,31.0,31.0,31.0,28.37142857142857,32.3,24.8
2012-08-25,0.0,0.0,0.0,0.0,0.0,4.4,31.0,31.0,31.0,28.3,32.7,23.5
2012-09-01,0.0,0.0,0.0,0.0,0.0,4.428571428571429,31.0,31.0,31.0,28.071428571428573,32.1,24.4
2012-09-08,0.125,0.0,0.0,0.0,0.0,4.799999999999999,31.0,31.0,31.0,27.2,31.7,23.4
2012-09-15,0.125,0.0,0.0,0.0,0.0,6.6,35.8,35.8,35.8,27.585714285714285,32.1,22.5
2012-09-22,0.0,0.0,0.0,0.0,0.0,3.2,35.8,35.8,35.8,27.685714285714287,31.5,24.1
2012-09-29,0.125,0.0,0.0,0.0,0.0,0.0,35.8,35.8,35.8,28.4,32.6,25.5
2012-10-06,0.125,0.02040816326530612,0.0,0.0,0.0,5.171428571428571,35.8,35.8,35.8,27.942857142857143,32.7,22.9
2012-10-13,0.125,0.02040816326530612,0.0,0.0,0.0,2.0,35.8,35.8,35.8,28.228571428571428,32.8,24.2
2012-10-20,0.0,0.04081632653061224,0.0,0.0,0.0,3.371428571428571,22.6,22.6,22.6,27.685714285714287,32.6,24.0
2012-10-27,0.0,0.02040816326530612,0.0,0.0,0.0,9.885714285714286,22.6,22.6,22.6,26.82857142857143,32.4,23.5
2012-11-03,0.0,0.02040816326530612,0.0,0.0,0.0,1.3714285714285714,22.6,22.6,22.6,28.1,32.9,24.6
2012-11-10,0.125,0.0,0.0,0.0,0.0,2.3428571428571425,22.6,22.6,22.6,27.385714285714283,33.1,23.7
2012-11-17,0.125,0.02040816326530612,0.0,0.0,0.0,6.914285714285716,49.2,49.2,49.2,27.02857142857143,32.8,23.5
2012-11-24,0.125,0.0,0.0,0.0,0.0,4.6000000000000005,49.2,49.2,49.2,27.15714285714285,32.6,24.0
2012-12-01,0.0,0.0,0.0,0.24,0.27,9.114285714285716,49.2,49.2,49.2,27.185714285714287,32.7,24.1
2012-12-08,0.0,0.061224489795918366,0.0,0.0,0.0,8.114285714285716,49.2,49.2,49.2,27.27142857142857,32.2,23.4
2012-12-15,0.125,0.0,0.0,0.0,0.0,10.05714285714286,78.8,78.8,78.8,27.11428571428572,32.2,22.7
2012-12-22,0.25,0.061224489795918366,0.0,0.0,0.0,18.17142857142857,78.8,78.8,78.8,26.557142857142857,31.9,22.3
2012-12-29,0.125,0.0,0.0,0.0,0.0,10.857142857142858,78.8,78.8,78.8,26.47142857142857,31.6,23.3
2013-01-05,0.25,0.0,0.0,0.75,0.0,0.8857142857142856,78.8,78.8,78.8,26.7,31.3,24.1
2013-01-12,0.125,0.02040816326530612,0.0,0.16,0.0,41.4,78.8,78.8,78.8,26.25,31.3,22.2
2013-01-19,0.0,0.02040816326530612,0.0,0.0,0.0,2.56,73.0,73.0,73.0,27.1,32.0,23.1
2013-01-26,0.375,0.02040816326530612,0.0,0.0,0.0,9.085714285714284,73.0,73.0,73.0,27.485714285714288,35.2,21.6
2013-02-02,0.125,0.0,0.0,0.0,0.0,23.914285714285715,73.0,73.0,73.0,26.685714285714287,32.0,22.6
2013-02-09,0.0,0.04081632653061224,0.0,0.0,0.0,2.6,73.0,73.0,73.0,26.571428571428573,31.1,23.6
2013-02-16,0.125,0.0,0.0,0.0,0.0,0.0,73.0,73.0,73.0,27.714285714285715,32.1,24.7
2013-02-23,0.25,0.0,0.0,0.0,0.0,9.971428571428572,95.2,95.2,95.2,26.428571428571427,31.3,24.0
2013-03-02,0.25,0.04081632653061224,0.0,0.29,0.0,28.4,95.2,95.2,95.2,25.65714285714285,30.7,21.5
2013-03-09,0.125,0.2857142857142857,0.0,0.0,0.22,2.914285714285714,95.2,95.2,95.2,26.65714285714285,32.5,24.1
2013-03-16,0.125,0.02040816326530612,0.0,0.0,0.36,18.4,95.2,95.2,95.2,27.37142857142857,32.9,23.0
2013-03-23,0.25,0.061224489795918366,0.0,0.29,0.0,0.2285714285714286,29.6,29.6,29.6,27.97142857142857,32.1,24.4
2013-03-30,0.25,0.061224489795918366,0.0,0.0,0.0,0.3999999999999999,29.6,29.6,29.6,28.15714285714285,33.5,24.3
2013-04-06,0.5,0.12244897959183673,0.0,0.22,0.0,5.914285714285716,29.6,29.6,29.6,28.4,33.1,24.8
2013-04-13,0.125,0.2857142857142857,0.0,0.5700000000000001,0.0,1.7714285714285711,29.6,29.6,29.6,28.6,33.8,23.9
2013-04-20,0.5,0.7142857142857142,0.0,0.0,0.0,11.8,29.6,29.6,29.6,28.37142857142857,34.0,23.4
2013-04-27,0.25,0.4897959183673469,0.0,0.22,0.34,2.371428571428571,41.6,41.6,41.6,28.457142857142856,33.6,24.9
2013-05-04,0.0,0.3877551020408163,0.0,0.0,0.0,3.857142857142857,41.6,41.6,41.6,28.37142857142857,34.9,22.1
2013-05-11,0.25,0.5918367346938775,0.0,0.0,0.0,3.085714285714286,41.6,41.6,41.6,27.885714285714283,33.4,24.0
2013-05-18,0.0,0.5714285714285714,0.0,0.17,0.0,2.4285714285714284,41.6,41.6,41.6,28.24285714285714,33.1,24.0
2013-05-25,0.375,0.3061224489795918,0.0,0.64,0.0,14.628571428571428,46.2,46.2,46.2,27.67142857142857,32.6,23.5
2013-06-01,0.5,0.6326530612244897,0.0,0.0,0.0,6.857142857142857,46.2,46.2,46.2,28.8,33.9,22.9
2013-06-08,0.125,0.8163265306122448,0.0,0.52,0.0,1.2,46.2,46.2,46.2,28.5,33.4,25.2
2013-06-15,0.5,0.7959183673469387,0.0,0.0,0.0,10.657142857142857,46.2,46.2,46.2,27.5,33.1,22.6
2013-06-22,0.5,0.9183673469387754,0.0,0.56,0.0,6.485714285714286,22.4,22.4,22.4,27.957142857142856,33.7,22.9
2013-06-29,0.5,0.4897959183673469,0.0,0.24,0.0,2.542857142857143,22.4,22.4,22.4,29.342857142857145,33.6,24.8
2013-07-06,0.25,0.5306122448979591,0.0,0.0,1.0,2.314285714285714,22.4,22.4,22.4,29.985714285714288,34.5,25.8
2013-07-13,0.125,0.5306122448979591,0.0,0.0,0.0,1.0285714285714287,22.4,22.4,22.4,29.071428571428573,33.7,23.0
2013-07-20,0.125,0.32653061224489793,0.0,0.0,0.39,1.0285714285714287,22.4,22.4,22.4,27.842857142857145,32.4,23.8
2013-07-27,0.125,0.4081632653061224,0.0,0.0,0.0,6.285714285714286,37.4,37.4,37.4,27.77142857142857,32.4,23.4
2013-08-03,0.125,0.44897959183673464,0.0,0.0,0.0,7.171428571428572,37.4,37.4,37.4,27.385714285714283,31.9,23.7
2013-08-10,0.125,0.14285714285714285,0.0,0.62,0.0,8.142857142857142,37.4,37.4,37.4,27.985714285714288,33.5,22.9
2013-08-17,0.0,0.5306122448979591,0.0,0.0,0.0,3.828571428571428,37.4,37.4,37.4,27.75714285714286,31.8,22.0
2013-08-24,0.375,0.3061224489795918,0.0,0.0,0.56,15.114285714285716,43.2,43.2,43.2,27.557142857142857,31.3,23.2
2013-08-31,0.5,0.7755102040816326,0.0,0.0,0.0,4.342857142857143,43.2,43.2,43.2,27.61428571428572,31.5,21.6
2013-09-07,0.375,0.8571428571428571,0.0,0.0,0.0,1.5142857142857142,43.2,43.2,43.2,28.25714285714286,32.0,23.9
2013-09-14,0.25,0.7959183673469387,0.0,0.0,0.0,1.5142857142857142,43.2,43.2,43.2,28.25714285714286,32.8,24.6
2013-09-21,0.75,0.9999999999999999,0.0,0.0,0.0,15.085714285714284,52.6,52.6,52.6,26.585714285714285,32.0,22.2
2013-09-28,0.5,0.6530612244897959,0.0,0.0,0.0,1.7714285714285716,52.6,52.6,52.6,27.32857142857143,32.0,21.9
2013-10-05,0.25,0.3469387755102041,0.0,0.36,0.0,7.142857142857143,52.6,52.6,52.6,27.985714285714288,32.2,22.8
2013-10-12,0.375,0.4693877551020408,0.0,0.0,0.0,12.342857142857143,52.6,52.6,52.6,28.285714285714285,32.9,21.9
2013-10-19,0.375,0.32653061224489793,0.0,0.0,0.49,4.142857142857143,52.6,52.6,52.6,27.728571428571428,32.3,22.2
2013-10-26,0.0,0.42857142857142855,0.0,0.0,0.87,4.314285714285715,139.8,139.8,139.8,28.214285714285715,33.2,23.0
2013-11-02,0.125,0.44897959183673464,0.0,0.0,0.0,25.48571428571429,139.8,139.8,139.8,28.014285714285712,32.7,20.9
2013-11-09,0.125,0.6326530612244897,0.0,0.0,0.5,5.4,139.8,139.8,139.8,27.27142857142857,32.6,23.3
2013-11-16,0.25,0.4693877551020408,0.0,0.0,0.0,10.085714285714284,139.8,139.8,139.8,27.0,32.3,24.1
2013-11-23,0.0,0.7346938775510203,0.0,0.0,0.26,12.742857142857144,44.0,44.0,44.0,27.185714285714287,32.6,23.2
2013-11-30,0.0,0.5510204081632653,0.0,0.0,0.0,6.314285714285715,44.0,44.0,44.0,26.857142857142858,32.7,23.2
2013-12-07,0.0,0.6530612244897959,0.0,0.0,0.0,2.1142857142857143,44.0,44.0,44.0,27.585714285714285,32.9,22.9
2013-12-14,0.125,0.4693877551020408,0.0,0.0,0.0,12.314285714285717,44.0,44.0,44.0,27.057142857142857,32.8,23.4
2013-12-21,0.0,0.673469387755102,0.0,0.0,0.0,23.62857142857143,119.8,119.8,119.8,25.82857142857143,31.1,22.7
2013-12-28,0.0,0.4081632653061224,0.0,0.38,0.0,8.628571428571428,119.8,119.8,119.8,26.857142857142858,32.0,23.1
2014-01-04,0.125,0.3877551020408163,0.0,0.37,0.27,14.400000000000002,119.8,119.8,119.8,26.571428571428573,33.7,21.2
2014-01-11,0.0,0.5918367346938775,0.0,0.0,0.31,0.8285714285714285,119.8,119.8,119.8,26.7,31.1,23.9
2014-01-18,0.0,0.4081632653061224,0.0,0.0,0.24,5.266666666666667,119.8,119.8,119.8,26.366666666666664,29.7,24.8
2014-01-25,0.0,0.3469387755102041,0.0,0.0,1.0,0.0,119.8,119.8,119.8,27.075,31.1,24.9
2014-02-01,0.0,0.26530612244897955,0.0,0.0,0.0,8.17142857142857,10.0,10.8,15.4,26.17142857142857,31.8,23.3
2014-02-08,0.125,0.18367346938775508,0.0,0.0,0.0,2.6,18.2,18.2,18.2,26.27142857142857,30.3,23.7
2014-02-15,0.0,0.18367346938775508,0.0,0.0,0.0,0.0,0.0,0.0,0.0,25.75714285714286,29.4,23.2
2014-02-22,0.125,0.24489795918367346,0.0,0.0,0.36,0.0,0.0,0.0,0.0,26.071428571428573,31.6,22.4
2014-03-01,0.125,0.061224489795918366,0.0,0.39,0.0,0.0285714285714285,0.2,0.2,0.2,26.3,31.6,22.7
2014-03-08,0.125,0.061224489795918366,0.0,0.0,0.0,0.0,0.0,0.0,0.0,27.67142857142857,33.8,24.7
2014-03-15,0.125,0.1020408163265306,0.0,0.0,0.0,0.0,0.0,0.0,0.0,27.75714285714286,32.6,24.9
2014-03-22,0.0,0.04081632653061224,0.0,0.0,0.0,0.0,0.0,0.0,0.0,27.428571428571427,32.7,24.0
2014-03-29,0.0,0.02040816326530612,0.0,0.11,0.0,0.0,0.0,0.0,0.0,27.714285714285715,33.8,23.8
2014-04-05,0.0,0.02040816326530612,0.0,0.0,0.0,0.0,0.0,0.0,0.0,28.2,34.1,24.2
2014-04-12,0.125,0.02040816326530612,0.0,0.19,0.0,9.37142857142857,20.4,26.2,37.8,27.15714285714285,33.6,23.6
2014-04-19,0.0,0.04081632653061224,0.0,0.0,0.23,0.0571428571428571,0.4,0.4,0.4,28.5,34.4,24.2
2014-04-26,0.0,0.04081632653061224,0.0,0.0,0.0,3.628571428571429,15.2,17.2,17.4,28.385714285714283,34.2,22.8
2014-05-03,0.0,0.02040816326530612,0.0,0.0,0.0,4.2,9.8,10.0,10.0,27.728571428571428,34.5,23.9
2014-05-10,0.0,0.02040816326530612,0.0,0.0,0.0,4.142857142857143,21.2,26.4,28.8,28.514285714285712,33.5,23.5
2014-05-17,0.0,0.08163265306122448,0.0,0.0,0.0,1.085714285714286,2.0,3.2,5.0,28.27142857142857,34.4,24.7
2014-05-24,0.125,0.02040816326530612,0.0,0.0,0.15,2.7142857142857144,8.2,10.2,13.4,28.74285714285714,33.7,24.5
2014-05-31,0.0,0.02040816326530612,0.0,0.46,0.2,4.571428571428571,10.0,13.6,14.6,29.0,33.8,24.3
2014-06-07,0.125,0.061224489795918366,0.0,0.0,0.0,4.914285714285714,18.2,20.2,20.2,28.785714285714285,33.6,23.0
2014-06-14,0.0,0.061224489795918366,0.0,0.16,0.0,5.4,9.4,13.4,16.4,27.61428571428572,32.6,23.2
2014-06-21,0.125,0.04081632653061224,0.0,0.0,0.0,3.0285714285714285,7.8,10.4,13.0,28.61428571428572,32.7,25.0
2014-06-28,0.0,0.02040816326530612,0.0,0.0,0.0,5.371428571428572,17.2,17.2,17.2,28.185714285714287,32.2,24.2
2014-07-05,0.375,0.02040816326530612,0.0,0.15,0.0,3.542857142857143,16.4,18.4,18.6,29.24285714285714,33.0,23.0
2014-07-12,0.125,0.04081632653061224,0.0,0.18,0.0,0.7999999999999999,2.4,3.0,3.2,29.814285714285717,33.6,23.9
2014-07-19,0.25,0.0,0.0,0.0,0.0,0.1428571428571428,0.8,1.0,1.0,29.085714285714285,33.4,25.2
2014-07-26,0.125,0.04081632653061224,0.0,0.0,0.0,3.257142857142857,18.0,19.0,19.0,28.32857142857143,32.6,23.9
2014-08-02,0.0,0.02040816326530612,0.0,0.0,0.0,8.285714285714286,24.6,25.6,26.4,28.12857142857143,32.1,22.6
2014-08-09,0.0,0.0,0.0,0.24,0.0,1.2,7.6,7.8,7.8,29.11428571428572,32.5,23.4
2014-08-16,0.0,0.061224489795918366,0.0,0.0,0.0,0.0,0.0,0.0,0.0,29.62857142857143,33.2,26.7
2014-08-23,0.0,0.0,0.0,0.0,0.41000000000000003,10.514285714285714,18.4,27.0,27.6,28.214285714285715,32.0,21.1
2014-08-30,0.0,0.04081632653061224,0.0,0.0,0.22,2.8857142857142857,9.2,9.2,9.2,27.857142857142858,31.7,23.6
2014-09-06,0.0,0.02040816326530612,0.0,0.0,0.0,6.514285714285714,33.6,37.8,39.8,27.24285714285714,31.6,23.5
2014-09-13,0.0,0.0,0.0,0.0,0.0,3.542857142857143,9.8,10.2,10.2,28.27142857142857,31.9,24.7
2014-09-20,0.125,0.0,0.0,0.0,0.0,19.714285714285715,36.4,41.4,42.4,26.928571428571427,31.6,22.0
2014-09-27,0.125,0.02040816326530612,0.0,0.0,0.0,1.4,5.4,8.6,9.2,28.1,32.5,23.4
2014-10-04,0.0,0.02040816326530612,0.0,0.2,0.0,0.9142857142857144,3.2,3.2,3.2,28.342857142857135,32.0,24.9
2014-10-11,0.0,0.0,0.0,0.0,0.0,4.514285714285714,29.8,31.4,31.4,29.014285714285712,32.9,22.4
2014-10-18,0.0,0.02040816326530612,0.0,0.0,0.0,5.2,13.0,14.4,16.4,28.285714285714285,33.2,23.3
2014-10-25,0.0,0.02040816326530612,0.0,0.0,0.0,0.9428571428571428,5.0,6.0,6.6,28.75714285714286,32.6,24.1
2014-11-01,0.0,0.0,0.0,0.0,0.0,0.0,0.0,0.0,0.0,28.814285714285717,32.6,25.2
2014-11-08,0.125,0.0,0.0,0.0,0.0,5.4,15.2,18.0,24.0,28.32857142857143,34.1,24.2
2014-11-15,0.0,0.0,0.0,0.41000000000000003,0.18,1.5142857142857142,2.4,4.0,5.4,27.957142857142856,33.2,24.8
2014-11-22,0.0,0.02040816326530612,0.0,0.0,0.0,9.914285714285713,21.0,28.2,28.2,28.342857142857145,33.5,24.0
2014-11-29,0.0,0.02040816326530612,0.0,0.19,0.0,13.4,19.8,20.2,20.4,28.014285714285712,33.4,22.8
2014-12-06,0.0,0.02040816326530612,0.0,0.0,0.0,12.771428571428572,43.6,60.4,63.0,27.17142857142857,32.8,22.2
2014-12-13,0.0,0.02040816326530612,0.0,0.0,0.0,2.5142857142857147,6.2,7.8,8.0,27.02857142857143,32.3,24.5
2014-12-20,0.0,0.0,0.0,0.0,0.0,6.514285714285714,32.2,38.4,38.4,27.6,32.7,23.7
2014-12-27,0.0,0.0,0.0,0.0,0.0,10.37142857142857,22.2,26.6,27.2,27.37142857142857,33.5,22.4
2015-01-03,0.0,0.0,0.0,0.0,0.0,5.028571428571429,27.8,28.4,28.6,27.914285714285715,33.6,23.8
2015-01-10,0.125,0.04081632653061224,0.0,0.0,0.26,5.514285714285714,16.4,17.2,17.6,27.12857142857143,32.4,24.0
2015-01-17,0.0,0.02040816326530612,0.0,0.0,0.0,13.714285714285714,25.2,29.2,34.4,26.571428571428573,31.4,23.7
2015-01-24,0.0,0.0,0.0,0.0,0.0,0.8,1.2,1.8,1.8,25.95,29.9,24.2
2015-01-31,0.0,0.02040816326530612,0.0,0.0,0.66,0.1999999999999999,0.6,0.6,0.6,26.566666666666663,30.7,24.5
2015-02-07,0.0,0.04081632653061224,0.0,0.0,0.53,11.285714285714286,26.6,28.2,33.6,26.428571428571427,32.4,23.3
2015-02-14,0.0,0.0,0.0,0.0,0.0,0.0,0.0,0.0,0.0,27.12857142857143,31.5,24.0
2015-02-21,0.125,0.02040816326530612,0.0,0.0,0.0,0.0,0.0,0.0,0.0,26.942857142857143,30.9,23.9
2015-02-28,0.0,0.0,0.0,0.0,0.0,0.0,0.0,0.0,0.0,27.071428571428573,31.8,24.0
2015-03-07,0.125,0.0,0.0,0.34,0.0,2.1142857142857143,6.4,8.2,10.8,26.25714285714286,31.2,23.6
2015-03-14,0.0,0.0,0.0,0.45,0.0,0.0,0.0,0.0,0.0,26.65714285714285,31.1,23.3
2015-03-21,0.0,0.02040816326530612,0.0,0.0,0.0,0.5714285714285714,2.6,2.6,3.6,27.285714285714285,32.4,23.1
2015-03-28,0.125,0.0,0.0,0.47000000000000003,0.0,0.0,0.0,0.0,0.0,27.7,33.6,24.5
2015-04-04,0.125,0.02040816326530612,0.0,0.0,0.34,2.0,11.8,13.0,14.0,28.1,34.4,23.4
2015-04-11,0.0,0.0,0.0,0.0,0.0,6.571428571428571,23.6,25.2,29.8,27.685714285714287,33.7,23.7
2015-04-18,0.0,0.02040816326530612,0.0,0.0,0.0,0.0,0.0,0.0,0.0,28.342857142857145,33.4,25.7
2015-04-25,0.0,0.04081632653061224,0.0,0.3,0.65,0.9142857142857144,6.4,6.4,6.4,28.62857142857143,33.1,23.6
2015-05-02,0.0,0.0,0.0,0.51,0.0,6.171428571428572,12.4,13.4,13.6,27.728571428571428,33.4,24.5
2015-05-09,0.0,0.02040816326530612,0.0,0.0,0.0,1.6857142857142855,8.6,8.8,8.8,28.74285714285714,33.7,25.1
2015-05-16,0.125,0.0,0.0,0.0,0.0,0.0857142857142857,0.6,0.6,0.6,29.31428571428572,34.4,25.9
2015-05-23,0.0,0.0,0.0,0.38,0.0,1.8571428571428568,4.2,6.4,8.2,28.685714285714287,34.1,24.0
2015-05-30,0.25,0.04081632653061224,0.0,0.0,0.0,5.571428571428571,13.2,16.2,16.4,27.985714285714288,33.3,24.0
2015-06-06,0.125,0.02040816326530612,0.0,1.0,0.0,4.771428571428571,9.2,11.6,18.0,28.24285714285714,33.2,24.0
2015-06-13,0.125,0.0,0.0,0.41000000000000003,0.0,4.2,16.4,16.6,16.6,28.957142857142856,34.2,24.9
2015-06-20,0.0,0.02040816326530612,0.0,0.0,0.0,1.1142857142857143,1.8,2.8,4.4,28.785714285714285,33.0,25.3
2015-06-27,0.0,0.0,0.0,0.0,0.33,0.2857142857142857,1.0,1.4,1.4,29.071428571428573,34.2,25.4
2015-07-04,0.0,0.0,0.0,0.0,0.25,2.4,7.6,9.2,12.8,29.214285714285715,34.3,24.9
2015-07-11,0.0,0.0,0.0,0.0,0.0,6.942857142857142,17.2,18.6,19.4,28.15714285714285,32.5,24.7
2015-07-18,0.0,0.02040816326530612,0.0,0.0,0.0,2.5142857142857147,5.2,8.6,9.2,28.47142857142857,32.4,24.2
2015-07-25,0.0,0.061224489795918366,0.0,0.0,0.33,0.0,0.0,0.0,0.0,29.97142857142857,33.2,28.0
2015-08-01,0.0,0.0,0.0,0.0,0.0,5.971428571428571,15.4,20.4,22.2,29.057142857142857,32.8,22.1
2015-08-08,0.0,0.061224489795918366,0.0,0.0,0.21,4.857142857142857,17.4,19.8,20.0,29.11428571428572,32.4,23.6
2015-08-15,0.0,0.02040816326530612,0.0,0.38,0.0,6.771428571428571,41.6,45.0,45.6,29.228571428571428,32.6,24.2
2015-08-22,0.0,0.04081632653061224,0.0,0.0,0.0,0.0857142857142857,0.4,0.4,0.4,29.442857142857143,32.7,26.4
2015-08-29,0.0,0.0,0.0,0.0,0.0,1.0571428571428572,2.8,2.8,2.8,28.32857142857143,32.7,24.1
2015-09-05,0.0,0.0,0.0,0.0,0.28,11.771428571428572,26.6,28.0,28.2,27.585714285714285,32.1,22.6
2015-09-12,0.0,0.02040816326530612,0.0,0.0,0.15,11.2,29.4,47.8,57.6,28.242857142857144,32.3,22.7
2015-09-19,0.0,0.0,0.0,0.0,0.0,0.0,0.0,0.0,0.0,28.885714285714283,32.7,26.2
2015-09-26,0.0,0.02040816326530612,0.0,0.0,0.0,3.1714285714285717,19.0,22.2,22.2,28.928571428571427,33.1,24.4
2015-10-03,0.0,0.061224489795918366,0.0,0.0,0.0,0.2285714285714286,1.2,1.2,1.2,29.2,33.2,25.9
2015-10-10,0.0,0.02040816326530612,0.0,0.0,0.21,2.4857142857142853,13.2,16.8,17.4,28.485714285714288,32.7,23.6
2015-10-17,0.0,0.08163265306122448,0.0,0.0,0.0,4.971428571428571,11.6,15.2,16.4,28.385714285714283,32.8,23.1
2015-10-24,0.0,0.02040816326530612,0.0,0.17,0.0,0.6857142857142857,4.6,4.6,4.6,28.942857142857143,32.6,26.0
2015-10-31,0.0,0.0,0.0,0.62,0.0,4.685714285714285,19.2,19.6,19.6,28.314285714285717,32.3,23.5
2015-11-07,0.0,0.04081632653061224,0.0,0.0,0.0,2.942857142857143,17.4,17.4,17.4,28.442857142857143,33.0,23.4
2015-11-14,0.0,0.02040816326530612,0.0,0.32,0.0,1.1142857142857143,5.4,7.8,7.8,29.11428571428572,33.4,23.9
2015-11-21,0.0,0.0,0.0,0.0,0.0,0.0857142857142857,0.6,0.6,0.8,29.32857142857143,33.5,26.4
2015-11-28,0.125,0.02040816326530612,0.0,0.0,0.0,4.228571428571429,3.6,4.6,4.6,28.0,33.6,21.9
2015-12-05,0.0,0.02040816326530612,0.0,0.0,0.0,0.2571428571428571,1.4,1.4,1.4,28.12857142857143,32.9,25.0
2015-12-12,0.125,0.0,0.0,0.0,0.0,0.1999999999999999,1.4,1.4,1.4,28.11428571428572,33.4,25.5
2015-12-19,0.0,0.0,0.0,0.6,0.0,1.657142857142857,6.8,6.8,6.8,27.785714285714285,32.9,23.7
2015-12-26,0.0,0.0,0.0,0.0,0.27,4.057142857142857,13.2,18.0,22.8,27.8,33.6,24.2
2016-01-02,0.0,0.0,0.0,0.31,0.28,9.2,22.2,26.2,28.6,27.97142857142857,33.0,23.2
2016-01-09,0.0,0.02040816326530612,0.0,0.0,0.0,16.685714285714287,18.0,26.0,39.2,27.65714285714285,32.7,22.5
2016-01-16,0.0,0.02040816326530612,0.0,0.0,0.0,3.057142857142857,7.8,8.2,8.2,27.557142857142857,32.1,23.9
2016-01-23,0.125,0.0,0.0,0.0,0.0,10.085714285714287,24.6,31.6,39.0,27.971428571428568,33.1,22.8
2016-01-30,0.125,0.02040816326530612,0.0,0.33,0.0,11.64,21.0,23.0,24.4,27.48,32.5,23.8
2016-02-06,0.25,0.0,0.0,1.0,0.0,20.8,18.4,31.0,38.4,26.6,29.8,22.9
2016-02-13,0.0,0.0,0.0,0.76,0.0,2.628571428571429,3.8,6.0,9.0,28.02857142857143,32.4,24.5
2016-02-20,0.125,0.04081632653061224,0.0,0.0,0.45,2.571428571428572,10.4,11.4,12.2,28.6,32.8,25.6
2016-02-27,0.5,0.0,0.0,0.0,0.0,5.628571428571428,24.6,29.4,31.4,28.32857142857143,32.5,23.8
2016-03-05,0.0,0.0,0.0,0.0,0.0,1.3714285714285714,2.4,2.4,2.8,28.61428571428572,32.8,25.0
2016-03-12,0.125,0.0,0.0,0.0,0.0,1.8,5.2,6.8,9.2,28.442857142857143,32.7,24.9
2016-03-19,0.125,0.0,0.0,0.0,0.19,3.914285714285714,7.2,9.6,10.0,27.4,32.1,24.2
2016-03-26,0.25,0.0,0.0,0.0,0.0,10.6,17.0,21.2,23.2,27.7,32.4,23.8
2016-04-02,0.125,0.0,0.0,0.91,0.0,10.257142857142856,24.4,44.6,55.4,27.714285714285715,31.9,23.3
2016-04-09,0.25,0.04081632653061224,0.0,0.0,0.0,0.0571428571428571,0.2,0.4,0.4,28.5,32.2,26.0
2016-04-16,0.0,0.0,0.0,0.0,0.35000000000000003,0.3142857142857143,1.0,1.2,1.4,28.928571428571427,33.8,26.4
2016-04-23,0.0,0.0,0.0,0.0,0.0,0.3428571428571428,2.4,2.4,2.4,28.942857142857143,33.8,25.4
2016-04-30,0.0,0.0,0.0,0.0,0.0,0.1714285714285714,1.0,1.0,1.0,29.085714285714285,34.1,25.7
2016-05-07,0.0,0.0,0.0,0.0,0.0,0.0,0.0,0.0,0.0,29.557142857142857,34.4,26.5
2016-05-14,0.0,0.0,0.004651162790697674,0.0,0.0,2.142857142857143,7.6,7.6,7.6,29.17142857142857,34.4,25.9
2016-05-21,0.0,0.02040816326530612,0.0,0.32,0.0,3.4,9.4,9.4,9.4,29.6,35.0,25.6
2016-05-28,0.0,0.0,0.0,0.0,0.0,0.0857142857142857,0.4,0.4,0.4,30.02857142857143,34.8,27.2
2016-06-04,0.125,0.02040816326530612,0.0,0.0,0.37,7.2,12.2,14.2,14.2,28.885714285714283,33.8,25.3
2016-06-11,0.125,0.0,0.0,0.0,0.0,0.0857142857142857,0.6,0.6,0.6,29.82857142857143,34.6,26.7
2016-06-18,0.125,0.0,0.0,0.0,0.0,3.6,10.6,11.0,15.8,29.414285714285715,34.5,25.1
2016-06-25,0.0,0.02040816326530612,0.0,0.0,0.0,14.257142857142856,40.8,42.0,53.6,28.87142857142857,34.3,24.7
2016-07-02,0.0,0.02040816326530612,0.0,0.0,0.0,8.171428571428573,20.2,21.2,29.8,29.24285714285714,33.2,23.9
2016-07-09,0.125,0.0,0.0,0.26,0.0,2.2285714285714286,8.6,9.0,10.0,28.385714285714283,32.5,25.0
2016-07-16,0.0,0.0,0.0,0.32,0.0,2.9428571428571426,11.2,14.4,15.8,28.8,32.7,25.1
2016-07-23,0.0,0.0,0.0,0.58,0.78,9.6,25.2,33.8,34.6,28.0,32.1,24.2
2016-07-30,0.125,0.0,0.0,0.0,0.0,10.0,43.8,52.4,56.8,28.285714285714285,32.9,22.5
2016-08-06,0.0,0.0,0.0,0.0,0.0,0.1142857142857143,0.4,0.6,0.8,29.585714285714285,33.4,25.9
2016-08-13,0.125,0.02040816326530612,0.0,0.0,0.0,0.9142857142857144,4.4,4.4,4.4,29.7,33.4,24.3
2016-08-20,0.125,0.0,0.0,0.0,0.0,0.7714285714285715,1.6,1.6,1.6,28.442857142857143,33.4,25.1
2016-08-27,0.0,0.04081632653061224,0.004651162790697674,0.0,0.0,21.37142857142857,33.6,39.8,53.8,27.185714285714287,33.3,22.5
2016-09-03,0.125,0.02040816326530612,1.0,0.0,0.0,0.4571428571428572,0.6,1.2,1.4,28.0,31.9,24.2
2016-09-10,0.0,0.08163265306122448,0.49767441860465117,0.6,0.0,5.428571428571429,21.6,22.2,22.2,28.25714285714286,32.7,22.1
2016-09-17,0.0,0.04081632653061224,0.28837209302325584,0.0,0.0,1.0,3.6,3.6,3.6,29.32857142857143,32.8,25.2
2016-09-24,0.0,0.061224489795918366,0.05116279069767442,0.0,0.0,1.9428571428571428,7.8,9.2,10.8,29.285714285714285,32.9,22.7
2016-10-01,0.0,0.04081632653061224,0.037209302325581395,0.4,0.0,8.914285714285715,23.2,29.8,30.6,28.842857142857145,33.8,22.9
2016-10-08,0.0,0.0,0.018604651162790697,0.0,0.38,3.685714285714286,10.2,10.2,10.2,28.3,32.3,24.5
2016-10-15,0.0,0.02040816326530612,0.05116279069767442,0.35000000000000003,0.0,4.257142857142857,9.4,12.2,12.6,28.12857142857143,33.0,22.9
2016-10-22,0.0,0.08163265306122448,0.05116279069767442,0.0,0.0,7.542857142857143,12.6,15.8,17.0,27.985714285714288,32.3,22.7
2016-10-29,0.0,0.0,0.05581395348837209,0.0,0.0,3.642857142857143,9.8,14.0,15.4,28.37142857142857,33.6,22.6
2016-11-05,0.125,0.04081632653061224,0.018604651162790697,0.0,0.33,1.0285714285714287,6.2,6.8,7.0,28.62857142857143,34.4,24.3
2016-11-12,0.0,0.02040816326530612,0.018604651162790697,0.0,0.0,14.0,53.4,73.8,75.4,28.142857142857142,33.9,21.6
2016-11-19,0.0,0.04081632653061224,0.013953488372093023,0.0,0.0,0.2571428571428572,1.4,1.4,1.4,29.514285714285712,34.6,24.3
2016-11-26,0.125,0.0,0.004651162790697674,0.0,0.34,4.6571428571428575,17.2,19.6,20.4,28.75714285714286,32.9,22.7
2016-12-03,0.0,0.02040816326530612,0.009302325581395349,0.0,0.48,6.885714285714286,12.8,12.8,13.0,27.071428571428573,32.4,23.3
2016-12-10,0.0,0.02040816326530612,0.004651162790697674,0.0,0.0,8.571428571428571,17.8,23.0,25.0,27.542857142857144,33.0,23.6
2016-12-17,0.0,0.02040816326530612,0.0,0.0,0.0,13.000000000000002,24.4,45.2,50.8,27.571428571428573,32.6,23.3
2016-12-24,0.0,0.0,0.0,0.0,0.0,18.142857142857142,34.0,52.8,58.2,27.085714285714285,31.7,22.7
2016-12-31,0.0,0.0,0.004651162790697674,0.0,0.0,1.6857142857142855,1.8,2.2,3.6,27.75714285714286,32.2,25.1
2017-01-07,0.0,0.0,0.0,0.58,0.0,3.057142857142857,8.0,11.6,12.0,27.11428571428572,32.2,24.3
2017-01-14,0.125,0.0,0.0,0.0,0.0,14.257142857142858,31.8,32.8,33.4,27.97142857142857,33.1,24.2
2017-01-21,0.125,0.0,0.004651162790697674,0.26,0.0,5.685714285714285,19.6,20.4,20.6,27.87142857142857,33.6,23.0
2017-01-28,0.0,0.0,0.0,0.0,0.0,16.6,30.6,43.0,67.2,27.428571428571427,33.4,23.3
2017-02-04,0.0,0.0,0.0,0.0,0.0,2.314285714285714,4.2,8.2,8.4,26.61428571428572,32.0,23.4
2017-02-11,0.0,0.0,0.009302325581395349,0.0,0.0,0.6857142857142857,2.4,2.8,2.8,27.457142857142856,32.9,23.5
2017-02-18,0.25,0.0,0.004651162790697674,0.0,0.0,4.371428571428571,23.4,24.0,24.0,27.785714285714285,33.7,21.8
2017-02-25,0.0,0.0,0.0,0.0,0.42,6.6571428571428575,13.8,15.8,16.6,26.74285714285714,32.3,23.5
2017-03-04,0.0,0.02040816326530612,0.004651162790697674,0.0,0.0,16.085714285714285,26.8,30.6,30.8,26.02857142857143,30.8,23.0
2017-03-11,0.0,0.0,0.0,0.0,0.0,6.428571428571429,17.0,22.8,24.8,26.714285714285715,32.1,24.5
2017-03-18,0.125,0.0,0.0,0.34,0.0,7.771428571428571,22.2,23.4,23.4,26.928571428571427,32.4,23.5
2017-03-25,0.0,0.04081632653061224,0.004651162790697674,0.0,0.0,3.457142857142857,5.4,7.4,9.8,26.557142857142857,30.5,22.6
2017-04-01,0.125,0.0,0.009302325581395349,0.0,1.0,4.971428571428571,10.0,16.6,21.0,27.1,31.6,23.6
2017-04-08,0.0,0.02040816326530612,0.023255813953488372,0.0,0.0,7.3428571428571425,6.2,7.4,8.6,26.585714285714285,30.8,22.9
2017-04-15,0.0,0.0,0.023255813953488372,0.53,0.0,0.0,0.0,0.0,0.0,27.228571428571428,31.6,24.5
2017-04-22,0.0,0.0,0.023255813953488372,0.0,0.0,0.0,0.0,0.0,0.0,27.7,33.3,24.5
2017-04-29,0.0,0.0,0.03255813953488372,0.0,0.0,3.114285714285714,8.8,9.2,14.2,27.97142857142857,32.8,24.1
2017-05-06,0.0,0.0,0.013953488372093023,0.0,0.0,10.714285714285714,20.2,27.0,28.8,27.15714285714285,33.3,23.6
2017-05-13,0.0,0.0,0.004651162790697674,0.0,0.0,6.6,28.0,33.8,36.0,27.87142857142857,34.4,22.9
2017-05-20,0.25,0.02040816326530612,0.004651162790697674,0.0,0.0,5.828571428571428,8.2,15.0,20.0,27.77142857142857,32.4,23.1
2017-05-27,0.0,0.0,0.018604651162790697,0.0,0.0,4.314285714285714,10.0,11.6,16.8,28.15714285714285,32.9,23.6
2017-06-03,0.0,0.0,0.013953488372093023,0.0,0.0,12.228571428571428,28.2,39.4,42.2,27.428571428571427,32.1,22.8
2017-06-10,0.0,0.04081632653061224,0.004651162790697674,0.0,0.38,2.628571428571429,8.0,8.0,8.0,28.571428571428573,32.7,24.8
2017-06-17,0.125,0.02040816326530612,0.004651162790697674,0.0,0.36,4.571428571428571,11.2,13.4,15.8,28.24285714285714,32.4,24.8
2017-06-24,0.0,0.04081632653061224,0.009302325581395349,0.0,0.27,1.2285714285714284,3.8,3.8,4.0,29.071428571428573,32.5,25.6
2017-07-01,0.0,0.04081632653061224,0.004651162790697674,0.0,0.27,10.542857142857144,23.4,26.6,27.2,28.042857142857144,32.2,23.6
2017-07-08,0.0,0.02040816326530612,0.0,0.0,0.0,9.542857142857144,26.0,41.4,43.4,28.557142857142857,32.8,23.6
2017-07-15,0.0,0.02040816326530612,0.004651162790697674,0.0,0.0,0.0,0.0,0.0,0.0,29.571428571428573,32.7,26.6
2017-07-22,0.0,0.0,0.0,0.0,0.0,1.2,7.2,8.0,8.0,28.714285714285715,33.0,25.4
2017-07-29,0.125,0.0,0.027906976744186046,0.0,0.0,9.085714285714284,20.0,26.8,28.2,27.87142857142857,32.3,22.2
2017-08-05,0.0,0.02040816326530612,0.027906976744186046,0.0,0.0,3.685714285714286,13.6,20.2,22.8,27.77142857142857,32.0,23.5
2017-08-12,0.0,0.02040816326530612,0.009302325581395349,0.0,0.0,4.6000000000000005,9.0,15.2,21.6,27.957142857142856,31.6,23.5
2017-08-19,0.125,0.04081632653061224,0.009302325581395349,0.0,0.0,6.485714285714287,13.4,19.4,21.2,27.12857142857143,31.8,23.7
2017-08-26,0.125,0.02040816326530612,0.0,0.0,0.0,0.0,0.0,0.0,0.0,28.62857142857143,31.9,26.2
2017-09-02,0.0,0.0,0.004651162790697674,0.63,0.0,0.3428571428571428,2.2,2.2,2.4,29.085714285714285,32.3,24.9
2017-09-09,0.0,0.02040816326530612,0.0,0.0,0.0,0.2285714285714286,1.6,1.6,1.6,29.25714285714286,33.0,27.1
2017-09-16,0.0,0.0,0.0,0.0,0.0,2.914285714285714,5.2,6.2,7.0,27.857142857142858,32.2,24.3
2017-09-23,0.125,0.0,0.0,0.0,0.0,7.0857142857142845,23.4,28.8,29.4,27.557142857142857,32.0,23.7
2017-09-30,0.0,0.0,0.004651162790697674,0.0,0.0,0.9142857142857144,4.6,5.0,5.2,28.414285714285715,32.0,24.5
2017-10-07,0.125,0.02040816326530612,0.0,0.0,0.0,0.8857142857142858,3.2,3.2,3.2,28.057142857142857,32.2,25.4
2017-10-14,0.0,0.02040816326530612,0.0,0.77,0.0,4.8,11.6,12.8,15.0,28.02857142857143,31.8,24.4
2017-10-21,0.125,0.02040816326530612,0.0,0.0,0.0,5.285714285714286,15.0,18.4,18.8,28.11428571428572,32.4,22.3
2017-10-28,0.0,0.0,0.0,0.0,0.0,5.6571428571428575,8.2,9.4,14.2,27.557142857142857,32.1,23.7
2017-11-04,0.0,0.02040816326530612,0.0,0.0,0.0,2.142857142857143,7.4,7.8,8.2,27.857142857142858,31.9,23.8
2017-11-11,0.0,0.0,0.0,0.0,0.0,2.2285714285714286,5.8,6.4,7.0,27.5,33.2,24.5
2017-11-18,0.0,0.02040816326530612,0.004651162790697674,0.0,0.52,10.0,29.8,31.0,31.0,27.7,32.7,23.5
2017-11-25,0.0,0.0,0.0,0.0,0.0,0.0571428571428571,0.2,0.2,0.2,29.3,34.6,26.1
2017-12-02,0.125,0.061224489795918366,0.0,0.78,0.0,3.4285714285714284,10.0,10.4,10.4,27.65714285714285,33.8,24.4
2017-12-09,0.125,0.02040816326530612,0.0,0.0,0.0,2.857142857142857,8.0,8.2,8.2,27.11428571428572,31.8,23.5
2017-12-16,0.0,0.0,0.0,0.0,0.0,15.857142857142858,28.0,34.0,36.8,26.585714285714285,31.6,23.1
2017-12-23,0.0,0.0,0.0,0.0,0.0,14.485714285714286,20.2,27.4,30.6,27.185714285714287,32.3,23.1
2017-12-30,0.0,0.0,0.0,0.33,0.0,4.628571428571428,8.6,8.6,9.4,27.085714285714285,32.5,23.3
2018-01-06,0.0,0.0,0.0,0.33,0.0,2.685714285714286,7.6,9.2,13.2,27.37142857142857,33.5,24.6
2018-01-13,0.0,0.0,0.0,0.59,0.0,7.771428571428571,8.6,13.6,20.2,27.15714285714285,32.2,23.4
2018-01-20,0.0,0.0,0.004651162790697674,0.0,0.0,19.857142857142858,46.2,61.0,65.2,26.82857142857143,31.9,23.2
2018-01-27,0.0,0.0,0.0,0.0,0.0,8.057142857142857,32.4,43.6,49.6,27.24285714285714,32.4,23.5
2018-02-03,0.0,0.0,0.0,0.0,0.0,8.142857142857142,13.0,13.0,19.2,26.714285714285715,31.2,23.5
2018-02-10,0.0,0.0,0.0,0.0,0.0,63.4,20.6,26.0,32.4,25.0,25.7,23.3
2018-02-17,0.0,0.0,0.0,0.0,0.0,6.033333333333334,6.0,11.6,13.4,25.96666666666667,31.1,23.6
2018-02-24,0.125,0.0,0.0,0.23,0.27,19.97142857142857,24.4,35.0,45.4,24.985714285714288,31.4,22.2
2018-03-03,0.0,0.02040816326530612,0.0,0.0,0.33,4.8,18.6,22.4,22.4,26.057142857142857,32.1,21.3
2018-03-10,0.0,0.0,0.0,0.0,0.0,3.114285714285714,5.6,6.0,6.6,26.9,32.7,24.6
2018-03-17,0.25,0.0,0.0,0.25,0.3,9.8,27.2,34.0,39.6,26.942857142857143,33.2,21.8
2018-03-24,0.0,0.0,0.0,0.0,0.0,0.0857142857142857,0.2,0.2,0.4,26.514285714285712,30.6,23.5
2018-03-31,0.0,0.0,0.0,0.34,0.31,0.0285714285714285,0.2,0.2,0.2,27.142857142857142,32.2,24.1
2018-04-07,0.0,0.0,0.0,0.0,0.0,0.1428571428571428,0.6,0.8,0.8,27.642857142857142,33.3,24.6
2018-04-14,0.0,0.0,0.0,0.4,0.0,0.4571428571428572,2.6,2.6,2.6,27.914285714285715,33.9,25.1
2018-04-21,0.0,0.0,0.0,0.0,0.0,3.0857142857142854,7.0,10.8,10.8,27.75714285714286,33.4,23.9
2018-04-28,0.125,0.0,0.0,0.0,0.0,0.0,0.0,0.0,0.0,28.37142857142857,34.2,25.2
2018-05-05,0.375,0.0,0.0,0.0,0.32,0.0,0.0,0.0,0.0,28.67142857142857,34.0,25.3
2018-05-12,0.0,0.0,0.0,0.0,0.0,2.8285714285714287,4.4,5.0,5.0,27.0,33.7,23.6
2018-05-19,0.125,0.02040816326530612,0.0,0.0,0.0,0.8571428571428571,3.8,3.8,3.8,28.37142857142857,33.8,25.1
2018-05-26,0.125,0.0,0.0,0.39,0.0,0.0571428571428571,0.4,0.4,0.4,29.11428571428572,34.4,26.1
2018-06-02,0.25,0.02040816326530612,0.0,0.53,0.0,2.3714285714285714,7.4,8.4,9.8,28.02857142857143,34.3,24.6
2018-06-09,0.0,0.02040816326530612,0.0,0.0,0.0,4.8,12.0,13.8,14.0,28.2,35.0,22.6
2018-06-16,0.0,0.0,0.0,0.25,0.0,3.742857142857143,14.0,14.2,14.2,28.785714285714285,33.5,23.6
2018-06-23,0.25,0.0,0.0,0.0,0.0,0.0285714285714285,0.2,0.2,0.2,29.842857142857145,34.2,26.3
2018-06-30,0.125,0.0,0.0,0.98,0.54,1.6,3.0,3.6,5.0,28.6,34.0,24.6
2018-07-07,0.25,0.0,0.0,0.0,0.0,6.771428571428572,14.2,17.6,18.2,28.214285714285715,33.1,24.0
2018-07-14,0.0,0.02040816326530612,0.0,0.0,0.0,17.54285714285714,31.4,40.6,46.0,27.714285714285715,32.4,22.9
2018-07-21,0.0,0.0,0.0,0.0,0.0,0.5999999999999999,3.8,3.8,3.8,29.6,33.4,24.2
2018-07-28,0.0,0.02040816326530612,0.0,0.0,0.0,1.6285714285714286,6.2,6.2,6.4,29.142857142857142,33.1,23.6
2018-08-04,0.125,0.0,0.0,0.35000000000000003,0.0,4.685714285714285,18.0,20.2,20.2,28.1,32.7,23.6
2018-08-11,0.0,0.0,0.0,0.0,0.0,9.028571428571428,15.0,28.0,30.8,27.057142857142857,31.5,23.0
2018-08-18,0.125,0.0,0.0,0.0,0.0,9.37142857142857,19.4,28.4,32.2,28.02857142857143,31.7,23.1
2018-08-25,0.25,0.0,0.0,0.0,0.0,4.714285714285714,19.2,19.2,19.2,28.428571428571427,32.3,23.7
2018-09-01,0.0,0.0,0.0,1.0,0.0,4.942857142857143,16.2,23.6,24.8,28.62857142857143,31.9,21.9
2018-09-08,0.125,0.0,0.0,0.79,0.0,0.7428571428571429,3.0,5.2,5.2,29.042857142857144,33.0,24.9
2018-09-15,0.0,0.0,0.0,0.0,0.0,5.171428571428572,21.8,25.2,25.4,27.914285714285715,32.4,24.0
2018-09-22,0.0,0.0,0.0,0.0,0.3,1.2857142857142858,5.6,5.8,6.0,28.414285714285715,33.0,21.9
2018-09-29,0.0,0.0,0.0,0.0,0.0,0.4285714285714285,2.2,2.2,2.2,29.3,33.0,24.9
2018-10-06,0.0,0.0,0.0,0.0,0.0,10.285714285714286,22.8,22.8,22.8,28.25714285714286,33.2,22.5
2018-10-13,0.0,0.0,0.0,0.51,0.0,0.8857142857142858,5.6,6.0,6.0,28.457142857142856,32.7,24.8
2018-10-20,0.25,0.0,0.0,0.0,0.0,12.714285714285714,25.4,31.8,34.8,27.11428571428572,31.9,21.4
2018-10-27,0.0,0.04081632653061224,0.0,0.34,0.0,2.685714285714286,15.0,15.2,15.2,27.928571428571427,32.0,23.3
2018-11-03,0.0,0.04081632653061224,0.0,0.0,0.0,5.228571428571429,16.0,25.0,26.0,27.557142857142857,32.0,23.7
2018-11-10,0.0,0.0,0.0,0.0,0.32,0.0,0.0,0.0,0.0,29.071428571428573,33.0,25.3
2018-11-17,0.0,0.0,0.0,0.0,0.0,1.2571428571428571,8.6,8.8,8.8,29.47142857142857,34.5,25.3
2018-11-24,0.0,0.0,0.0,0.0,0.0,26.314285714285717,31.6,47.4,56.2,26.82857142857143,32.5,22.5
2018-12-01,0.0,0.08163265306122448,0.0,0.0,0.0,4.428571428571428,8.8,9.2,9.2,27.52857142857143,33.3,23.4
2018-12-08,0.125,0.02040816326530612,0.0,0.0,0.38,0.6285714285714287,3.6,3.6,3.6,28.11428571428572,32.8,25.1
2018-12-15,0.125,0.0,0.0,0.0,0.0,2.0571428571428574,4.2,4.2,4.6,27.342857142857145,32.9,24.5
2018-12-22,0.125,0.0,0.0,0.0,0.0,3.8,6.8,10.0,11.4,27.457142857142856,32.7,23.6
2018-12-29,0.0,0.0,0.0,0.0,0.52,5.914285714285714,13.4,16.4,18.2,27.228571428571428,32.5,22.4
2019-01-05,0.25,0.02040816326530612,0.0,0.0,0.0,7.314285714285715,19.4,19.8,20.6,27.15714285714285,33.4,22.8
2019-01-12,0.0,0.0,0.0,0.0,0.33,7.0,13.4,13.4,13.4,27.457142857142856,32.0,23.9
2019-01-19,1.0,0.04081632653061224,0.009302325581395349,0.0,0.0,1.6285714285714283,3.0,3.2,3.2,27.485714285714288,32.3,24.9
2019-01-26,0.125,0.02040816326530612,0.0,0.0,0.0,4.800000000000002,18.8,24.2,30.8,27.185714285714287,31.9,23.9
2019-02-02,0.375,0.0,0.0,0.0,0.0,9.0,24.4,33.0,42.6,27.5,32.7,23.6
2019-02-09,0.375,0.0,0.004651162790697674,0.0,0.0,0.1428571428571428,0.6,0.6,0.6,28.27142857142857,33.8,24.7
2019-02-16,0.375,0.0,0.0,0.58,0.0,28.3,21.4,25.6,32.2,27.55,33.8,24.8
2019-02-23,0.125,0.02040816326530612,0.0,0.31,0.0,0.0,0.0,0.0,0.0,28.92,33.4,25.1
2019-03-02,0.125,0.04081632653061224,0.0,0.0,0.0,0.9142857142857144,3.2,3.2,3.4,28.4,32.6,24.7
2019-03-09,0.125,0.0,0.004651162790697674,0.0,0.7000000000000001,7.771428571428572,8.8,13.4,23.0,27.457142857142856,32.6,23.5
2019-03-16,0.0,0.0,0.0,0.35000000000000003,0.0,0.2857142857142857,1.4,1.4,1.4,27.67142857142857,32.2,25.0
2019-03-23,0.125,0.0,0.0,0.0,0.0,0.1428571428571428,0.4,0.4,0.4,27.74285714285714,32.4,25.2
2019-03-30,0.125,0.02040816326530612,0.0,0.23,0.31,0.0,0.0,0.0,0.0,28.37142857142857,34.1,24.7
2019-04-06,0.0,0.0,0.0,0.0,0.0,0.0,0.0,0.0,0.0,28.27142857142857,33.6,24.6
2019-04-13,0.0,0.0,0.0,0.0,0.0,4.457142857142857,11.6,13.4,13.4,27.957142857142856,33.5,21.9
2019-04-20,0.125,0.0,0.0,0.0,0.0,0.0285714285714285,0.2,0.2,0.2,28.357142857142858,33.6,25.1
2019-04-27,0.125,0.02040816326530612,0.0,0.31,0.0,0.0,0.0,0.0,0.0,28.74285714285714,34.3,24.6
2019-05-04,0.25,0.0,0.0,0.0,0.0,3.857142857142857,18.4,25.2,25.8,28.585714285714285,34.8,22.3
2019-05-11,0.0,0.0,0.004651162790697674,0.0,0.65,1.2571428571428571,8.6,8.8,8.8,28.814285714285717,34.5,23.1
2019-05-18,0.25,0.0,0.0,0.0,0.24,5.2,25.8,28.8,29.0,28.785714285714285,34.5,22.9
2019-05-25,0.25,0.0,0.0,0.0,0.0,8.142857142857142,12.0,22.6,27.4,28.057142857142857,33.7,22.7
2019-06-01,0.125,0.0,0.0,0.0,0.0,5.314285714285715,29.4,30.6,30.6,28.62857142857143,33.4,23.6
2019-06-08,0.5,0.12244897959183673,0.0,0.0,0.0,3.057142857142857,16.0,19.0,19.2,29.228571428571428,34.5,25.0
2019-06-15,0.375,0.061224489795918366,0.0,0.0,0.0,8.371428571428572,19.4,32.0,45.0,28.514285714285712,33.7,24.0
2019-06-22,0.375,0.02040816326530612,0.0,0.26,0.0,0.6571428571428571,3.8,3.8,3.8,29.1,34.5,25.0
2019-06-29,0.625,0.02040816326530612,0.0,0.0,0.75,5.028571428571429,10.8,11.0,11.0,29.37142857142857,34.7,22.9
2019-07-06,0.25,0.02040816326530612,0.0,0.47000000000000003,0.0,2.6,0.8,1.0,1.4,29.228571428571428,33.1,22.8
2019-07-13,0.25,0.061224489795918366,0.009302325581395349,0.46,0.0,0.8857142857142858,6.0,6.0,6.0,29.02857142857143,33.5,25.8
2019-07-20,0.25,0.02040816326530612,0.0,0.0,0.0,0.7714285714285715,1.8,3.4,4.0,29.3,33.2,25.2
2019-07-27,0.5,0.061224489795918366,0.0,0.0,0.0,9.485714285714286,15.2,18.6,28.6,27.685714285714287,32.8,24.2
2019-08-03,0.25,0.061224489795918366,0.0,0.0,0.0,3.742857142857143,10.4,13.2,14.6,28.9,33.0,23.6
2019-08-10,0.25,0.0,0.0,0.0,0.0,8.885714285714286,21.2,27.4,28.0,28.1,32.4,23.3
2019-08-17,0.25,0.02040816326530612,0.0,0.0,0.25,2.7142857142857144,15.2,16.2,16.8,28.957142857142856,32.5,23.9
2019-08-24,0.0,0.12244897959183673,0.0,0.0,0.0,0.0571428571428571,0.2,0.2,0.2,29.24285714285714,33.2,26.8
2019-08-31,0.25,0.02040816326530612,0.0,0.0,0.29,0.2571428571428571,1.2,1.4,1.4,28.942857142857143,32.9,24.8
2019-09-07,0.125,0.02040816326530612,0.0,0.0,0.0,0.3714285714285714,1.8,2.0,2.0,28.942857142857143,32.7,23.9
2019-09-14,0.375,0.04081632653061224,0.013953488372093023,0.8,0.0,0.9428571428571428,4.0,5.4,6.4,28.74285714285714,33.0,24.2
2019-09-21,0.25,0.04081632653061224,0.004651162790697674,0.0,0.23,0.1142857142857143,0.6,0.6,0.8,29.385714285714283,33.4,26.7
2019-09-28,0.375,0.02040816326530612,0.0,0.0,0.0,0.5714285714285714,2.0,2.2,2.4,29.15714285714285,32.6,27.2
2019-10-05,0.375,0.04081632653061224,0.0,0.0,0.0,0.0,0.0,0.0,0.0,29.571428571428573,33.3,27.2
2019-10-12,0.125,0.08163265306122448,0.0,0.22,0.0,0.0,0.0,0.0,0.0,29.5,34.0,27.1
2019-10-19,0.0,0.0,0.0,0.0,0.0,1.1142857142857143,3.2,3.8,3.8,28.142857142857142,33.2,24.5
2019-10-26,0.125,0.02040816326530612,0.004651162790697674,0.0,0.0,0.0,0.0,0.0,0.0,29.428571428571427,33.8,24.7
2019-11-02,0.25,0.02040816326530612,0.0,0.0,0.72,0.0,0.0,0.0,0.0,29.27142857142857,33.8,27.0
2019-11-09,0.125,0.0,0.0,0.0,0.24,0.0,0.0,0.0,0.0,29.185714285714287,33.9,26.4
2019-11-16,0.125,0.0,0.0,0.0,0.0,3.057142857142857,11.4,14.4,15.8,28.571428571428573,34.3,22.9
2019-11-23,0.25,0.02040816326530612,0.0,0.0,1.0,1.2,1.2,1.8,2.6,27.74285714285714,33.9,22.9
2019-11-30,0.0,0.0,0.0,0.65,0.0,2.8857142857142857,6.8,8.6,9.0,28.185714285714287,33.8,23.6
2019-12-07,0.125,0.08163265306122448,0.0,0.0,0.0,0.2571428571428572,1.4,1.6,1.6,28.928571428571427,34.4,25.9
2019-12-14,0.0,0.0,0.0,0.42,0.6900000000000001,5.771428571428571,14.2,14.4,14.6,27.957142857142856,33.3,23.8
2019-12-21,0.0,0.02040816326530612,0.0,0.0,0.0,17.45714285714286,49.8,69.8,85.6,27.942857142857143,33.4,22.9
2019-12-28,0.0,0.04081632653061224,0.0,0.0,0.0,0.7714285714285714,3.8,3.8,3.8,28.685714285714287,33.7,24.0
2020-01-04,0.125,0.061224489795918366,0.0,0.0,0.0,0.1714285714285714,1.2,1.2,1.2,28.414285714285715,33.6,24.7
2020-01-11,0.125,0.02040816326530612,0.0,0.0,0.0,0.8285714285714286,2.4,2.4,2.6,27.32857142857143,34.4,24.6
2020-01-18,0.25,0.02040816326530612,0.0,0.0,0.0,15.742857142857146,36.0,48.8,55.6,27.47142857142857,33.0,24.0
2020-01-25,0.25,0.0,0.0,0.25,0.0,8.542857142857143,27.4,47.2,56.8,27.785714285714285,32.3,23.9
2020-02-01,0.0,0.02040816326530612,0.0,0.0,0.0,34.857142857142854,20.6,26.2,36.8,25.185714285714287,31.1,22.7
2020-02-08,0.0,0.02040816326530612,0.0,0.0,0.0,16.414285714285715,18.8,23.2,34.2,26.11428571428572,31.1,23.2
2020-02-15,0.25,0.04081632653061224,0.0,0.0,0.0,0.3999999999999999,2.8,2.8,2.8,27.4,31.7,24.7
2020-02-22,0.125,0.0,0.0,0.0,0.37,0.0,0.0,0.0,0.0,27.9,32.2,25.3
2020-02-29,0.125,0.0,0.0,0.0,0.0,0.0,0.0,0.0,0.0,27.775,31.9,25.4
2020-03-07,0.0,0.0,0.004651162790697674,0.0,0.38,2.6,4.2,4.2,6.0,27.17142857142857,32.3,23.8
2020-03-14,0.0,0.0,0.0,0.0,0.0,0.0,0.0,0.0,0.0,27.857142857142858,32.8,24.6
2020-03-21,0.125,0.02040816326530612,0.0,0.0,0.0,2.0285714285714285,4.0,5.6,8.0,28.0,32.8,24.3
2020-03-28,0.0,0.0,0.0,0.0,0.0,8.0,16.6,22.2,37.2,27.957142857142856,32.8,23.8
2020-04-04,0.0,0.0,0.0,0.0,0.0,0.0,0.0,0.0,0.0,27.857142857142858,32.3,24.5
2020-04-11,0.25,0.0,0.0,0.2,0.0,5.485714285714287,20.4,20.8,20.8,27.585714285714285,32.7,23.7
2020-04-18,0.0,0.0,0.0,0.21,0.31,3.142857142857143,5.0,6.0,7.6,27.842857142857145,33.1,24.1
2020-04-25,0.125,0.0,0.0,0.33,0.0,0.6571428571428571,3.2,3.2,4.0,28.085714285714285,32.5,24.7
2020-05-02,0.0,0.0,0.0,0.0,0.0,3.942857142857143,25.6,27.0,27.6,28.314285714285717,33.9,24.3
2020-05-09,0.625,0.0,0.0,0.0,0.0,1.7714285714285716,8.8,11.8,12.4,28.785714285714285,34.0,25.2
2020-05-16,0.25,0.0,0.0,0.0,0.26,6.857142857142857,22.4,34.8,46.0,28.65714285714285,33.7,24.4
2020-05-23,0.125,0.0,0.0,0.22,0.0,2.9714285714285715,16.6,18.0,19.8,28.442857142857143,33.6,24.1
2020-05-30,0.125,0.0,0.0,0.0,0.0,8.142857142857142,24.0,29.2,29.6,29.11428571428572,34.6,24.0
2020-06-06,0.0,0.0,0.0,0.31,0.0,3.942857142857143,14.2,16.8,16.8,28.6,33.2,23.8
2020-06-13,0.25,0.0,0.0,0.9400000000000001,0.3,0.0,0.0,0.0,0.0,29.4,33.7,26.4
2020-06-20,0.25,0.0,0.0,0.3,0.0,0.9428571428571428,1.6,2.4,3.4,29.2,34.3,25.1
2020-06-27,0.0,0.0,0.0,0.58,0.0,17.02857142857143,23.6,27.6,29.6,27.67142857142857,33.1,24.4
2020-07-04,0.5,0.0,0.0,0.61,0.66,15.171428571428567,30.2,47.0,53.8,28.8,34.5,23.6
2020-07-11,0.25,0.0,0.0,0.0,0.0,6.028571428571429,15.6,22.4,22.8,29.328571428571426,32.8,24.6
2020-07-18,0.5,0.0,0.0,0.31,0.0,8.8,20.8,21.4,21.4,28.75714285714286,34.0,24.9
2020-07-25,0.125,0.0,0.0,0.0,0.0,3.314285714285714,12.2,14.0,19.0,29.228571428571428,33.5,23.8
2020-08-01,0.25,0.0,0.0,0.38,0.0,14.342857142857143,20.2,12.2,15.2,28.014285714285712,33.0,24.0
2020-08-08,0.0,0.0,0.0,0.0,0.55,4.371428571428572,11.0,12.6,13.4,28.785714285714285,33.0,24.2
2020-08-15,0.375,0.0,0.0,0.0,0.0,6.857142857142857,11.0,16.6,21.6,27.857142857142858,32.3,23.7
2020-08-22,0.25,0.0,0.0,0.33,0.0,6.514285714285714,9.2,11.4,14.4,27.514285714285712,32.0,23.7
2020-08-29,0.125,0.0,0.0,0.52,0.0,1.6,7.4,7.6,7.6,29.02857142857143,32.4,24.6
2020-09-05,0.125,0.02040816326530612,0.0,0.51,0.0,3.285714285714286,14.2,18.2,18.8,27.542857142857144,32.1,24.5
2020-09-12,0.0,0.02040816326530612,0.0,0.0,0.0,2.4857142857142853,4.0,4.0,5.2,27.77142857142857,32.2,24.9
2020-09-19,0.0,0.0,0.0,0.0,0.0,7.571428571428571,24.0,30.4,30.4,28.185714285714287,32.5,23.7
2020-09-26,0.125,0.0,0.0,0.0,0.0,6.485714285714286,11.4,13.2,19.6,27.77142857142857,31.6,23.9
2020-10-03,0.0,0.0,0.0,0.0,0.0,0.6857142857142857,4.6,4.8,4.8,29.014285714285712,32.9,24.1
2020-10-10,0.125,0.0,0.0,0.0,0.0,6.914285714285716,22.2,30.8,33.4,28.414285714285715,33.0,22.5
2020-10-17,0.125,0.0,0.0,0.0,0.0,1.8857142857142857,4.0,4.6,4.6,28.014285714285712,33.0,24.3
2020-10-24,0.25,0.0,0.0,0.0,0.0,5.285714285714286,8.2,11.2,15.2,27.5,32.4,23.0
2020-10-31,0.0,0.0,0.0,0.0,0.8200000000000001,5.0,9.8,14.0,18.4,27.88571428571429,32.2,23.4
2020-11-07,0.0,0.0,0.0,1.0,0.0,5.285714285714286,22.4,24.6,25.6,27.61428571428572,32.2,22.8
2020-11-14,0.125,0.0,0.0,0.44,0.0,5.428571428571429,5.6,9.6,10.4,27.228571428571428,33.2,21.9
2020-11-21,0.0,0.0,0.0,0.0,0.0,4.771428571428571,9.0,10.4,13.0,27.74285714285714,32.9,23.6
2020-11-28,0.0,0.0,0.0,0.0,0.0,1.6571428571428573,2.4,2.6,4.0,27.571428571428573,32.6,23.6
2020-12-05,0.0,0.0,0.0,0.0,0.63,3.857142857142857,16.2,18.0,18.8,28.314285714285717,33.2,23.2
2020-12-12,0.0,0.0,0.0,0.81,0.0,0.7428571428571429,2.6,2.6,2.6,28.75714285714286,33.6,25.0
2020-12-19,0.0,0.0,0.0,0.0,0.0,1.2857142857142858,2.4,2.4,2.6,28.228571428571428,33.5,24.6
2020-12-26,0.0,0.0,0.0,0.99,0.0,4.685714285714285,10.2,11.6,12.8,28.185714285714287,34.1,22.2
2021-01-02,0.125,0.0,0.0,0.3,0.42,16.8,37.8,46.4,55.6,27.185714285714287,33.4,23.3
2021-01-09,0.0,0.0,0.0,0.0,0.0,2.771428571428572,5.8,6.8,7.0,27.814285714285717,33.3,24.4
2021-01-16,0.125,0.0,0.0,0.27,0.0,5.314285714285714,6.4,7.4,9.6,27.52857142857143,33.4,24.5
2021-01-23,0.125,0.0,0.0,0.33,0.0,4.942857142857143,11.4,15.0,16.4,26.414285714285715,31.5,23.7
2021-01-30,0.0,0.0,0.0,0.0,0.0,4.942857142857143,12.6,12.8,15.4,27.3,33.5,24.3
2021-02-06,0.0,0.0,0.0,0.0,0.0,20.02857142857143,46.2,52.8,54.6,27.32857142857143,32.8,23.0
2021-02-13,0.125,0.0,0.0,0.0,0.0,7.8,11.6,13.8,15.4,26.47142857142857,31.9,23.0
2021-02-20,0.0,0.0,0.0,0.0,0.0,4.314285714285714,13.8,14.0,14.2,27.442857142857143,32.7,23.9
2021-02-27,0.125,0.0,0.0,0.0,0.0,1.08,2.6,2.6,2.6,27.48,31.8,24.1
2021-03-06,0.125,0.0,0.0,0.0,0.0,172.5,23.6,40.2,61.6,23.8,26.0,21.7
2021-03-13,0.0,0.0,0.0,0.0,0.0,11.742857142857144,19.6,21.6,22.6,25.32857142857143,31.6,21.7
2021-03-20,0.0,0.0,0.0,0.78,0.0,31.62857142857143,22.0,36.8,54.6,25.75714285714286,30.5,23.3
2021-03-27,0.0,0.0,0.0,0.0,0.64,4.628571428571428,16.4,27.2,28.4,26.47142857142857,30.8,23.0
2021-04-03,0.0,0.0,0.0,0.0,0.26,1.542857142857143,10.6,10.8,10.8,26.928571428571427,31.6,23.1
2021-04-10,0.0,0.0,0.0,0.0,0.0,0.1428571428571428,0.4,0.6,0.6,26.9,31.6,23.7
2021-04-17,0.0,0.0,0.0,0.63,0.0,0.1428571428571428,0.6,0.6,0.6,27.585714285714285,32.7,24.6
2021-04-24,0.125,0.0,0.0,0.0,0.0,0.0,0.0,0.0,0.0,26.985714285714288,31.5,24.1
2021-05-01,0.0,0.0,0.0,0.0,0.0,0.0,0.0,0.0,0.0,27.342857142857145,33.7,24.0
2021-05-08,0.0,0.0,0.0,0.0,0.0,0.0,0.0,0.0,0.0,28.5,34.2,25.3
2021-05-15,0.0,0.0,0.0,0.0,0.0,5.742857142857142,28.2,33.4,35.2,27.714285714285715,33.6,23.0
2021-05-22,0.375,0.0,0.0,0.56,0.0,4.857142857142857,18.6,19.4,19.4,27.928571428571427,33.2,24.0
2021-05-29,0.0,0.0,0.0,0.0,0.97,7.714285714285714,10.2,17.0,22.2,27.542857142857144,33.5,24.1
2021-06-05,0.0,0.0,0.0,0.0,0.0,9.657142857142858,16.8,26.8,33.0,28.414285714285715,34.7,23.3
2021-06-12,0.0,0.0,0.0,0.0,0.0,15.571428571428571,24.4,31.4,32.6,28.15714285714285,33.3,23.8
2021-06-19,0.0,0.0,0.0,0.0,0.0,16.4,21.8,42.6,69.2,27.9,33.3,23.1
2021-06-26,0.125,0.0,0.0,0.0,0.0,6.114285714285714,15.0,15.4,16.4,28.17142857142857,33.1,23.5
2021-07-03,0.0,0.0,0.0,0.0,0.0,1.5142857142857145,8.0,8.8,8.8,28.47142857142857,33.4,25.1
2021-07-10,0.0,0.0,0.0,0.0,0.7000000000000001,3.3428571428571425,21.0,21.4,22.6,28.65714285714285,33.5,24.3
2021-07-17,0.0,0.0,0.0,0.0,0.0,14.571428571428571,32.8,38.4,39.6,28.6,33.6,24.7
2021-07-24,0.0,0.0,0.0,0.0,0.0,12.028571428571428,27.8,42.2,49.4,28.057142857142857,33.4,22.9
2021-07-31,0.0,0.0,0.0,0.0,0.0,5.142857142857143,27.8,34.4,35.0,29.4,33.4,24.7
2021-08-07,0.0,0.0,0.0,0.0,0.0,0.3142857142857142,1.2,1.2,1.2,29.442857142857143,33.7,26.9
2021-08-14,0.0,0.0,0.0,0.0,0.0,1.1428571428571428,3.4,3.4,3.4,28.942857142857143,33.0,25.0
2021-08-21,0.0,0.0,0.0,0.29,0.0,5.828571428571428,14.8,16.0,17.6,28.12857142857143,33.0,23.4
2021-08-28,0.0,0.0,0.0,0.42,0.0,3.7714285714285714,5.4,8.8,11.4,28.11428571428572,33.6,23.5
2021-09-04,0.0,0.0,0.0,0.0,0.0,6.228571428571428,23.4,24.8,25.2,28.3,33.0,23.5
2021-09-11,0.125,0.0,0.0,0.0,0.0,2.257142857142857,3.0,4.6,8.2,28.014285714285712,32.5,24.0
2021-09-18,0.0,0.0,0.0,0.0,0.0,20.057142857142857,30.8,48.8,54.4,27.514285714285712,32.8,23.2
2021-09-25,0.125,0.0,0.0,0.0,0.0,0.3428571428571429,0.6,1.0,1.4,29.32857142857143,33.2,25.9
2021-10-02,0.0,0.0,0.0,0.34,0.0,1.3714285714285714,9.6,9.6,9.6,29.585714285714285,33.4,23.8
2021-10-09,0.0,0.0,0.0,0.0,0.65,4.428571428571429,11.0,18.0,20.4,28.3,32.9,23.1
2021-10-16,0.0,0.0,0.0,0.0,0.0,3.685714285714286,13.0,13.0,13.0,28.314285714285717,32.6,23.6
2021-10-23,0.0,0.0,0.0,0.0,0.0,16.142857142857142,24.0,31.4,52.0,27.042857142857144,32.3,21.9
2021-10-30,0.0,0.0,0.0,0.0,0.0,6.657142857142857,16.4,17.4,18.0,27.12857142857143,31.8,23.7
2021-11-06,0.0,0.0,0.0,0.0,0.0,20.885714285714283,31.4,49.0,55.8,27.17142857142857,32.2,22.9
2021-11-13,0.0,0.0,0.0,0.0,0.0,6.6000000000000005,29.2,29.8,29.8,28.31428571428572,32.9,22.5
2021-11-20,0.0,0.0,0.0,0.0,0.0,0.5714285714285714,2.8,3.0,3.2,28.585714285714285,32.8,25.4
2021-11-27,0.0,0.0,0.0,0.26,0.0,1.1142857142857143,5.4,6.6,6.8,28.842857142857145,32.9,24.3
2021-12-04,0.0,0.0,0.0,0.0,0.0,19.77142857142857,25.6,38.4,46.2,27.357142857142858,33.3,23.4
2021-12-11,0.125,0.0,0.0,0.34,0.0,1.0571428571428572,7.0,7.0,7.0,29.27142857142857,33.8,23.2
2021-12-18,0.0,0.0,0.0,0.54,0.0,4.771428571428571,18.0,25.4,27.4,29.414285714285715,33.2,23.9
2021-12-25,0.0,0.0,0.0,0.0,1.0,6.885714285714285,20.6,26.0,32.0,27.6,33.0,23.5
2022-01-01,0.0,0.0,0.0,0.0,0.0,2.514285714285714,11.6,11.8,12.2,28.27142857142857,33.3,24.7
2022-01-08,0.0,0.0,0.0,0.0,0.0,15.457142857142856,25.8,31.6,35.2,27.042857142857144,32.8,24.1
2022-01-15,0.0,0.0,0.0,0.29,0.0,8.0,7.0,12.0,18.2,27.185714285714287,33.4,23.6
2022-01-22,0.25,0.0,0.0,0.32,0.0,7.942857142857143,20.2,39.0,46.4,27.942857142857143,33.2,23.4
2022-01-29,0.25,0.0,0.0,0.0,0.0,14.714285714285714,31.0,39.8,45.8,27.4,33.0,22.8
2022-02-05,0.125,0.0,0.0,0.0,0.0,2.0857142857142854,5.8,9.6,12.6,28.4,33.9,22.9
2022-02-12,0.125,0.0,0.0,0.0,0.0,2.085714285714286,4.2,6.4,6.6,27.685714285714287,32.0,25.1
2022-02-19,0.0,0.0,0.0,0.0,0.0,8.142857142857142,39.8,41.4,41.8,27.642857142857142,33.3,24.3
2022-02-26,0.125,0.0,0.0,0.0,0.0,3.685714285714286,7.6,11.0,13.6,27.67142857142857,32.4,23.9
2022-03-05,0.0,0.0,0.0,0.0,0.64,1.2666666666666666,2.6,2.8,3.0,27.75,32.5,23.8
2022-03-12,0.0,0.0,0.0,0.0,0.26,25.2,8.8,11.8,11.8,25.7,30.1,23.2
2022-03-19,0.0,0.0,0.0,0.23,0.0,8.828571428571427,8.2,14.6,20.4,26.885714285714283,32.3,23.5
2022-03-26,0.0,0.0,0.0,0.0,0.0,0.0,0.0,0.0,0.0,27.571428571428573,31.9,24.2
2022-04-02,0.0,0.0,0.0,0.0,0.0,1.2857142857142858,2.6,2.6,2.6,27.542857142857144,32.4,24.1
2022-04-09,0.125,0.0,0.0,0.0,0.34,0.0,0.0,0.0,0.0,27.9,33.1,24.6
2022-04-16,0.125,0.0,0.0,0.0,0.45,0.6857142857142857,3.8,3.8,3.8,28.25714285714286,33.6,24.7
2022-04-23,0.0,0.0,0.0,0.0,0.0,10.857142857142858,9.0,14.4,16.6,26.17142857142857,31.6,23.3
2022-04-30,0.125,0.0,0.0,0.0,0.0,6.171428571428572,12.6,18.4,20.6,27.642857142857142,32.3,22.6
2022-05-07,0.125,0.0,0.0,0.0,0.26,7.742857142857143,22.0,25.0,25.0,27.185714285714287,32.9,23.2
2022-05-14,0.5,0.02040816326530612,0.0,0.0,0.0,3.0,6.6,10.6,11.2,27.642857142857142,33.7,23.4
2022-05-21,0.375,0.04081632653061224,0.0,0.0,0.0,1.4285714285714286,2.4,2.6,4.4,27.9,33.0,24.7
2022-05-28,0.5,0.0,0.0,0.0,0.16,5.8,11.8,22.4,29.0,28.014285714285712,33.8,23.8
2022-06-04,0.375,0.04081632653061224,0.0,0.26,0.0,7.685714285714285,22.6,23.2,23.2,28.5,34.2,23.0
2022-06-11,0.125,0.04081632653061224,0.0,0.0,0.0,7.142857142857144,23.0,24.4,28.6,28.314285714285717,34.0,24.0
2022-06-18,0.125,0.0,0.0,0.14,0.0,2.257142857142857,8.4,10.0,11.2,27.385714285714283,33.3,23.5
2022-06-25,0.125,0.0,0.0,0.0,0.0,7.428571428571429,26.8,33.4,35.2,28.17142857142857,32.5,23.6
2022-07-02,0.125,0.02040816326530612,0.0,0.0,0.0,15.885714285714284,30.6,47.8,52.6,28.285714285714285,33.5,23.1
2022-07-09,0.0,0.0,0.0,0.0,0.0,7.0,12.4,20.6,22.6,28.5,33.3,24.9
2022-07-16,0.0,0.04081632653061224,0.0,0.42,0.0,1.4,2.8,2.8,3.8,28.8,33.3,24.7
2022-07-23,0.125,0.02040816326530612,0.0,0.0,0.0,1.6857142857142855,3.6,4.6,7.4,29.385714285714283,34.8,25.0
2022-07-30,0.0,0.04081632653061224,0.0,0.14,0.0,4.4,29.0,29.2,29.2,28.87142857142857,33.5,23.5
2022-08-06,0.25,0.02040816326530612,0.0,0.0,0.46,7.085714285714286,30.8,38.8,42.0,29.12857142857143,34.2,23.8
2022-08-13,0.0,0.0,0.0,0.14,0.0,10.257142857142856,32.4,55.4,58.8,29.214285714285715,35.4,23.6
2022-08-20,0.0,0.0,0.0,0.0,0.0,11.0,29.6,35.6,39.0,27.842857142857145,33.6,22.9
2022-08-27,0.125,0.0,0.004651162790697674,0.0,0.15,0.8857142857142858,2.4,2.4,2.4,27.885714285714283,31.9,23.9
2022-09-03,0.5,0.0,0.0,0.15,0.0,6.542857142857143,8.2,9.4,16.8,27.414285714285715,31.2,23.5
2022-09-10,0.125,0.02040816326530612,0.0,0.0,0.0,2.1142857142857143,5.6,9.8,10.6,28.557142857142857,32.4,23.9
2022-09-17,0.0,0.02040816326530612,0.0,0.0,0.0,3.1714285714285717,8.6,9.0,9.0,28.728571428571428,32.5,24.6
2022-09-24,0.0,0.02040816326530612,0.0,0.46,0.0,4.542857142857143,19.0,27.4,27.6,28.785714285714285,32.3,23.6
2022-10-01,0.0,0.02040816326530612,0.0,0.0,0.0,5.371428571428572,10.6,14.4,18.0,28.814285714285717,32.9,22.2
2022-10-08,0.0,0.02040816326530612,0.0,0.0,0.0,5.942857142857143,15.0,15.4,17.6,28.02857142857143,32.4,23.9
2022-10-15,0.0,0.02040816326530612,0.0,0.0,0.0,3.628571428571429,7.0,9.8,12.6,27.75714285714286,32.2,24.2
2022-10-22,0.0,0.0,0.0,0.0,0.29,4.628571428571428,26.8,32.2,32.4,29.3,33.2,24.0
2022-10-29,0.125,0.0,0.0,0.0,0.16,3.257142857142857,9.8,10.0,10.0,28.65714285714285,32.7,25.1
2022-11-05,0.125,0.061224489795918366,0.004651162790697674,0.23,0.0,8.742857142857144,9.8,13.2,18.8,27.285714285714285,31.9,23.7
2022-11-12,0.0,0.02040816326530612,0.0,0.0,0.22,1.457142857142857,3.8,3.8,3.8,27.685714285714283,32.5,24.7
2022-11-19,0.375,0.04081632653061224,0.0,0.0,0.0,1.3714285714285714,4.2,5.2,7.0,27.928571428571427,32.4,24.8
2022-11-26,0.0,0.0,0.0,0.0,0.0,0.8857142857142858,4.8,4.8,4.8,27.957142857142856,31.9,24.5
2022-12-03,0.0,0.02040816326530612,0.0,0.0,0.65,4.914285714285714,4.8,8.2,10.2,27.62857142857143,32.0,23.5
2022-12-10,0.125,0.0,0.0,0.0,0.0,11.914285714285716,22.2,31.4,35.4,28.085714285714285,32.9,22.4
2022-12-17,0.125,0.02040816326530612,0.0,0.0,1.0,7.885714285714286,26.4,30.0,31.2,26.857142857142858,32.9,23.7
2022-12-24,0.0,0.0,0.0,0.0,0.0,2.657142857142857,6.4,6.6,7.6,27.942857142857143,33.4,23.7
2022-12-31,0.0,0.02040816326530612,0.0,0.0,0.15,12.257142857142856,17.0,21.0,23.4,27.842857142857145,33.0,23.1
2023-01-07,0.0,0.0,0.0,0.0,0.0,6.771428571428571,23.8,32.6,35.2,27.571428571428573,34.6,23.1
2023-01-14,0.125,0.0,0.0,0.0,0.3,14.542857142857144,23.4,27.0,40.6,27.342857142857145,32.8,22.4
2023-01-21,0.0,0.0,0.0,0.0,0.0,18.571428571428573,38.8,52.0,52.8,26.542857142857144,31.9,23.1
2023-01-28,0.0,0.02040816326530612,0.0,0.0,0.17,6.571428571428571,10.2,13.4,14.2,27.414285714285715,33.3,23.5
2023-02-04,0.125,0.0,0.0,0.0,0.0,5.314285714285715,14.6,16.6,17.4,28.32857142857143,33.9,23.2
2023-02-11,0.0,0.0,0.0,0.0,0.0,11.857142857142858,33.0,44.6,50.8,26.957142857142856,32.9,22.8
2023-02-18,0.0,0.04081632653061224,0.0,0.23,0.0,7.2,17.2,19.4,20.0,27.0,32.7,24.5
2023-02-25,0.0,0.0,0.0,0.0,0.0,14.571428571428571,24.2,36.6,37.0,26.285714285714285,32.2,23.9
2023-03-04,0.0,0.0,0.0,0.0,0.0,2.914285714285714,7.8,8.4,8.8,26.571428571428573,31.3,23.4
2023-03-11,0.0,0.0,0.0,0.0,0.0,2.2857142857142856,11.0,11.4,15.8,27.12857142857143,31.7,23.1
2023-03-18,0.0,0.0,0.0,0.0,0.0,1.8,6.0,6.0,6.0,27.27142857142857,33.6,23.9
2023-03-25,0.0,0.0,0.0,0.0,0.0,2.2,6.4,6.4,6.6,27.24285714285714,34.2,24.2
2023-04-01,0.0,0.0,0.0,0.53,0.0,6.314285714285714,8.0,8.6,13.0,27.11428571428572,32.5,24.3
2023-04-08,0.0,0.0,0.0,0.0,0.0,27.0,20.2,24.0,33.4,25.185714285714287,31.3,22.9
2023-04-15,0.0,0.0,0.0,0.0,0.0,10.285714285714286,11.8,14.8,16.8,25.75714285714286,31.4,22.4
2023-04-22,0.0,0.0,0.004651162790697674,0.0,0.0,0.9142857142857144,4.2,4.2,4.4,27.2,31.9,24.3
2023-04-29,0.0,0.02040816326530612,0.0,0.0,0.0,16.742857142857144,20.8,28.4,42.8,26.685714285714287,32.0,21.7
2023-05-06,0.0,0.0,0.009302325581395349,0.0,0.0,0.2285714285714286,1.4,1.4,1.6,27.571428571428573,31.9,24.8
2023-05-13,0.0,0.0,0.023255813953488372,0.0,0.0,50.2,23.6,38.2,56.4,25.24285714285714,31.2,21.8
2023-05-20,0.0,0.0,0.023255813953488372,0.0,0.0,1.8,4.2,5.4,5.6,26.714285714285715,31.2,23.6
2023-05-27,0.0,0.0,0.023255813953488372,0.0,0.23,0.0,0.0,0.0,0.0,27.428571428571427,32.3,24.3
2023-06-03,0.0,0.0,0.004651162790697674,0.0,0.0,2.771428571428572,5.8,6.8,6.8,27.75714285714286,33.2,22.8
2023-06-10,0.0,0.0,0.004651162790697674,0.0,0.0,16.34285714285714,63.4,81.6,85.2,27.942857142857143,33.6,22.9
2023-06-17,0.0,0.0,0.004651162790697674,0.0,0.0,4.342857142857143,11.4,14.4,18.6,27.61428571428572,33.8,24.1
2023-06-24,0.0,0.0,0.004651162790697674,0.0,0.0,4.342857142857143,15.4,17.0,18.2,28.785714285714285,34.3,25.4
2023-07-01,0.0,0.0,0.0,0.0,0.0,3.342857142857143,16.2,16.2,16.2,28.8,34.1,23.0
2023-07-08,0.0,0.0,0.0,0.0,0.0,7.457142857142856,22.8,42.0,45.8,29.12857142857143,34.0,25.0
2023-07-15,0.0,0.0,0.004651162790697674,0.17,0.0,2.942857142857143,18.0,19.2,19.8,29.228571428571428,34.2,26.1
2023-07-22,0.125,0.0,0.004651162790697674,0.0,1.0,0.1428571428571428,1.0,1.0,1.0,30.057142857142857,35.0,26.0
2023-07-29,0.0,0.0,0.0,0.0,0.0,6.542857142857143,24.0,34.4,34.6,28.942857142857143,34.1,23.4
